Archies,690
BBA,2819
Rose Vanessa,2858
Sole Threads,2100
Green Storm,1219
H2O+,926
Griffon,2818
Smag,3733
Hypno Tex,2172
Black Eyed Peas,187
Sure,1107
Infiniti,2849
My Lil' Berry,3717
Audley,790
Marvi,919
Suunto,255
Usha,596
JACQUI & DAVID,1982
Arrow,15
Ettenne Aigner,450
Basics Life,3305
The Boot,3793
Purehome,1444
Mascara Blanco,3462
Fran Wilson Moodmatcher Usa,3498
MIRAAYA,1201
T&D,1495
Maisto,1045
Mistinguette,3501
Adidas Neo,991
Sangria Exclusive,2025
K Mark,2404
Friedrich,602
Bath & Body Works,2549
Fusion Beats,1277
Muskan,1023
G,1678
Hautewagon,2004
BDM,1852
Minerals,3025
Miganda,3320
Ethic,835
Q,2923
Klamotten,3997
W,574
Z,3317
Rastar,1050
Ekmatra,4289
Zign,622
Primavera,3077
Ella,1741
Hermoso,1422
Mustang,2811
Gant,58
Happiness,825
Diva Fashion,2091
Infinity,72
Bogart,1087
Begin101,2853
jojo manan bebe,1438
Rajdeep Ranawat,3437
Delhi Bazaar,3480
Napoleon,2917
Star Wars,3707
Source Lab,251
Birla,1179
Sunnex Jeans,3629
RIDRESS,3314
Promises Forever,3568
Emino Cavalini,4073
X'Pose,4185
Susa,733
NEO VEDA,836
Bcbg,428
FOX 40,1148
Lotus Herbals,577
Wildcraft,261
Footfun,669
Krazy Kaleido,3553
SUMMER SET,1238
Sodacan,3404
July Nightwear,2239
WowWee,1068
Rover,1869
Coghlans,2515
Torrini,954
Be a Star,974
Emilio Pucci,3505
Scrunchh,2490
Elle,1144
Enamor,287
C Vox,1439
Levitate,2031
QQ Angel by oLO,2432
Color Club NYC,640
Softwear,3308
Very Valentino,1159
Elly,3929
Helios Jbj Perfumes,3235
Blue Sapphire,3863
Park Avenue Underwear,1893
Engross,3201
Carpenter,4423
Nu Parfums,410
Bollydiva By Tops And Tunics,3546
Denizen,2296
Won Wish,3447
Ziveg,2026
Ivy,182
Grovana,2407
Faithful,2835
Parineeta,1518
Le Buck,1049
Shahenaz Home Shop,3057
TIPS & TOES,786
NIKI Jewels,1001
Tele Trends,3516
Victoria's Secret,639
Kent,2050
CMYK,2396
Van Heusen,131
Benetton,313
E2O Fashion,1872
Petzl,2517
Park Avenue,1830
Ozone,2142
Ria,1313
Joe Black,1764
Looney Tunes,1014
Quantum,2368
Ardell,2037
Kenwood,2448
Junic,879
PALM TREE,2615
Mustard,645
Fonokase,2320
Urban Vastra,2256
Cavana,3083
Dreamszone,2703
Playmobil,1069
La Chica,2739
Dietz,3249
Azafran,2731
Healthvit,4329
Do Bhai,3110
Planet Retail,3539
Microsoft,1388
Kylaf,2831
Gleam Touch,4167
St Dupont,3301
Shining Diva,3473
Taika,4177
Universal,2218
BEAUTY UK,2578
Dressology,3432
Chewingum,3713
Diana Sport,504
Ecohawk,3028
John Jacobs,2478
TOMY,1254
In The Closet,1615
Zion,2451
Rubbabu,2444
united colors,573
SNG,682
Gold Princess,973
Little Krishna,4139
Yakuza Ink.,802
Pilar Abril,615
Knex,75
Claesons,2572
Unknown By Ayesha,2308
Monster High,2440
Steffi Love,2101
Denver,989
Osmo Professional,4083
River Island,3264
Sindoora,3242
Just Cavali,3246
Tom And Jerry,4419
Dior,3212
Aks,3304
Rhythm,631
Twister,1834
Marvel,156
MADAME,992
Arrow Sports,16
Foxwood Perfumes,394
Ruhani All Seasons,1426
Blazo,1817
BNF,630
Ruosh,3271
NeedyBee,4277
Drap,3396
Tab91,4155
New Balance,2851
Zaab,3118
Alm,2193
Sunbaby,1281
Lomani,373
ADITRI,894
Archana Kochhar,141
Doors,2765
Red Chief,292
Madrona,1630
Ami,2213
Ultra Craft,3288
Crystal-Line By Lazreena,1456
Stoelzle,2805
Reebok,105
Amo,3336
Layla,900
Basement Bazaar,1289
The North Face,499
Johareez,1272
Diva Fusion,4295
Aroma Magic,934
Versus Versace,316
Ana,2423
Nourish,1028
Tasmanian Tiger,3020
Davie Jones,3004
MATCHBOX,1130
Ans,3425
Torrido,2938
Scavin,3086
Bruno Manetti,3408
Piquancy Designs,3433
Perry Ellis,353
KRISH,2584
Gunn and Moore,965
Admiral,2390
Miss Sixty,88
Fabdeal,1682
NAVYFONT,1784
Mossimo,2721
Decathlon,2281
Centra,3385
Threesome,3428
Domyos,209
Blue And Blues,22
Pussy Deluxe,736
SPARKLING DEALS,2014
June Sixteen,2808
Pritika,1889
Meccano,1065
Jag,1552
GJ Jeans,62
Nazakat,4093
Jacques Bogart,343
Edge,2605
Miner Cosmetics,1361
Balujas,2685
Hebe,4503
Paul Sebastian,325
Blueberry Signature,3569
@499,3399
Colcci,796
Bags Forever,1375
NERF,1255
Spirited Soaps Scotland,1485
Jorg Gray,2354
Dickies,711
Call In France,3891
Pretline,1620
Anwesha,862
Probase,99
Sur & Pall,1555
Helios,3060
Head,232
Bellagio,384
Neerja,958
Wingsfield,1588
LISHABEE,2581
Ergo Sum,4257
Kielz,2520
Aneri,644
Do U Speak Green,1622
Woodpeckerz,2494
Mattel,354
Saha Ji,2965
Aryanveda Herbals,1884
Code,788
Karrat 22,537
Aveiro,2593
Diva,169
Ara,612
Stellar Home,896
Regalos,889
Pulman,297
Belly Cloud,722
Tom Crew,2970
Mystique,755
Life Like Art,1968
Petrol,2202
Toyzone,1664
Mussvital,3459
Tibhar,2564
Highlight,584
Raves,2439
Senora,2674
Yepme,982
Diya,1517
Texture,3267
Harley Davidson,1887
Ash,1117
Silverano,2002
Tweety,177
Viscose Twill,2660
Valentina,2695
Linkin Park,284
Gitanjali Coins,1538
Sidharth K Kakkar,3435
Puma,102
Fiesta Clara,1040
Cally,200
Being Human Clothing,3163
Lawman Pg3,3190
Macv Eyewear,3663
Valentino,130
Sondico,250
Bio Shirt Company,820
Renaissance,1393
ENNTHRA,2611
Fragrance World,1055
Sengar,4195
RIOT,2590
Saint Galant,594
Miss Fiorelli,1497
Lumberboy,4097
Tcs World 10k Bengaluru,4445
Punk,3125
Bleu,3552
Warner Bros,2730
Surat Diamonds,119
Scientific,2176
Karigari,1301
Thia,4255
Caribbean Joe,3807
Emanuel Ungaro,403
us polo association,126
Clandestine,3300
Tunturi,257
Indigo Nation,1177
Mehrasons Coins,1536
Aptonia,1848
J Shoes,448
Aum,3755
Shapes,1176
Bajaj,2287
Aloe Veda,749
Mina Uk,739
Mocas,3097
Godzilla,3379
Sex And The City,2235
Acctu Toys,1839
Closet Curves,3169
Miss Bennett London,3877
Salomon,246
Global Colours,3931
Avance,611
GAUGE MACHINE,1572
Actuel,1879
Voluptina,4153
INARA,1276
Inner Sense,3315
STAR GEAR,1161
Jadeblue,4509
Bahubali,1435
Monsoon,726
7 BY MS DHONI,1981
Xindao,2823
Sports Craft,1120
Game Box,1936
Falak,2030
10th Planet,2918
Carla Berroti,1790
Arnab Sengupta Purple,2165
Hapuka,2868
Marshmallow Kids Couture,2274
Thegudlook,3022
Nvey Eco Australia,1487
Cabarelli,848
Kanvin,1046
Bunkar,1651
The Home Elements,3511
Dani Fashions,4411
Krotos,2946
TQ Bags,1550
MI*AI,3711
Ajile By Pantaloons,4359
Axe,1102
Richlook,1683
Happily Unmarried,463
Dustin Wood,643
Beyouty,2926
Iceberg,1214
Fortune,670
British Cross,3957
Dom Rebel,4187
Tijori,1118
Amber,1566
KELME,882
Mont Zermatt,3471
Fingerchips,2538
Cupcake,2495
UNITED COLORS OF BENNETON,2232
Home n Hearth,218
Arrow Classic,186
Taniya Sharma,2897
Ethnik'S Neu-Ron,3570
D_OVE,1656
Daffodils,1011
Eighteen27,3296
Sweetdreams,2195
Sangita Chudiwala,3038
Dana,330
Mark Taylor,174
ELAN,1473
Colt,2600
Voylla,3316
Jaya Misra,4205
Athena,1732
Pure,1230
Cerruti,1562
Tribord,266
VEDA,1245
Flower Power,1679
Mrigna,4165
Tom Tailor,4327
Thor,3591
Famozi,51
Sdl By Sweet Dreams,1479
Dolce & Gabbana,371
Jabong,471
BEEVEE,1247
F1 2012,1935
Aarna Craft,1526
Carlton,224
Enroute Teens,985
Purple Berry,2027
Louis Alberti,86
Magnetic Designs,1304
Factory Rush,3520
Breaking Bad,4443
Bohemyan Blue,3225
Happy Socks,1597
Amatrra Spa,1676
Utsavi,3468
Batgirl,199
Catty,2088
Get-U,795
Globalite,1674
Glitterati,3031
Wilson & Tuskiny,3095
Motel,741
Phosphorus,969
Wrangler,138
Riviera Living,2399
On Fire & Extreme Deodorant Combo Pack,1346
Peri Peri,1558
Aramis,311
Ding Dong,517
That's My Baby,2771
Virtes,133
Orsay By Aditi Wasan,2627
Mickey,161
Taaga,4517
Jealous 21,1239
Youshine,1404
Avani- Dead Sea Cosmetics,3006
SAFETY,2691
Beyond Yoga,4239
Navvy Silver-el,3061
Prince,245
Dash,1667
POLAR,2402
Max Force,1938
ucb,573
Oars,1796
David Johns,1983
Oxolloxo,3344
Miners Cosmetics,2008
Elecom,1698
Dimpy,2266
Tool Interactive,1924
Spice Art,1135
Belkin,941
TUPPERWARE,1990
Bombay Dyeing,212
Highlander,66
Concept Living,2283
Shakumbhari,1268
Bulchee Ufficio,2078
Paul Mitchell,1641
New Zealand,1794
Liebemode,2964
Comfit,1523
Oxyglow,2083
Style Fiesta,3611
Alayna,1474
Crumpler,604
Big Buddha By Steve Madden,2502
Olayla,3545
York,2911
Richfeel,4409
Xyxyx,791
Tangle Teezer,3370
Atorse,3947
Dekor World,2276
Evolv,3032
Deep Heritage,214
Air Hog,1931
Cotton Bazaar,2435
Mochi,3651
Tapasya,464
Jovan,358
Boggi Milano,1083
BlackSmith,2523
VEGA,686
Free People,3833
Red Line,2313
M Square,2784
Nakshatra,924
Derby,2123
Famous,1633
Glow Doodle,1937
Calvien Klien,442
Sweet Lemon,3913
Lorad,2498
U&F,4323
Boxer Milano,2348
CROSS,2058
Sahi Aarna,482
La Peches,1309
Nature's Indulgence,2735
Wiki,4471
Aimi,1414
TEN,3228
Motif,1379
Superman,118
Wind,2340
Nature'S Essence,861
Claire's,1533
Coup,1700
Stylista Original,2936
Aesthetics India,1857
Mitashi,1000
Clay Craft,1171
Bells And Whistles,3831
Pretty Women,984
NeXtime,1334
Buckleup,4439
D&G,39
COMBAT,1860
Parker,2017
Rock Face,3458
BARE ESSENTIALS,845
Chanter,2373
Menbur,599
Rena Love,2541
My Milestones,3262
Coty,312
Fendi,1363
Jashn,3319
Set,815
Tassels,1079
Basic Care,752
KVR,3518
Abhishti,2164
LIPSY,3855
Sanwara,3915
Krishana Balram,652
Golmaal,4527
Bestway,610
Kinmin,3469
Dye Fab,2644
Colourmode,2259
Helios Rivosense,3239
Rhinestone,2005
Snoogg,3072
Mineral,1472
Ama Herbal,3493
Blucat,823
Jungle Book,695
Holidae,1865
Urbane By Maxima,3671
Martini,1548
Belle Fille,1797
Superdry,2068
The Tan Base,3525
Lemonmint,1891
Collectabillia - Virat,2802
Swaroski,2837
Slingshot,3259
Belladona,2408
Olvin,1820
Disney,40
TIG,1507
Rizir Fashion,3777
Isabelle,304
American Beauty Perfumes,355
Mudo,3334
Carolina Herrera,319
John Varvatos,2493
Hawke,859
Naomi Campbell,977
Joy Living,1721
F GEAR,2586
Madara Organic Skincare,1629
Realshoppee,4249
Virtis,2599
Svvelte,3681
Littleopia,4425
Spinn,2265
Ucla,3143
Orange Tree,2151
mr men,1896
Harley Davidsons,1880
Threesixtydegree,2316
Littlewood,2663
Guster Ve,3823
Foster's,1290
Morph,288
Black Panther,571
Arshia,2750
Lovely,2464
Spinz,1099
Pink Chick,3695
Bichauna,2729
Columbio,2350
Poodlebag,828
Web Jeans,1851
Wamil Diva,2417
Sia,2526
Perfect Petzzz,1584
Bgr,3969
Smoothie,2357
Columbia,496
University,1942
Duke Stardust,3232
Smugglerz,1971
Nicka K New York,4159
Ice Watch,2113
Silicium,1470
Freetoes,3275
Primal Earth New Zealand,3229
Vitrag,1314
Silver Sterlings,2762
Kaxiaa,1915
OOMPH!,2076
Izinc,3508
Microcotton,303
Philippine,3012
Aadi,3331
Otto Kern,718
Grace Cole,3337
Blue Perfumes,406
Bushirt,2159
Flowers Forever,1787
Aiva,1800
SHOPPER TREE,2635
Reema Jewels,839
Adara,3403
Fastrack,480
Utsukhusii,2954
Aventura Outfitters,3177
Imagica,3113
Shivani Sood,2040
Bullboxer,867
Pierre Rene Poland,3531
Srota,1026
Woodblock By Manjeet Singh,4407
Rsvp,449
Red Flame,485
Shady Ideas,2225
School Time,110
Laurels,3282
ZOGGS,2023
Swiss Eagle,1973
TNG,1672
TRANSFORMERS,1251
Browne,432
Dorrissini,4111
Even,1710
Chalk,2702
Kanton,1146
Delonghi,2447
Shades Of Envy,2825
TOFFY HOUSE,2022
Sly,4453
Manish Malhotra,142
ADDICT - A - BALL,1958
FOSTELO,2610
Hello Kitty,300
Random Clocks,1738
TOD,3580
Terrake,1424
TOG,1295
G Divas,524
Fast n Fashion,3312
Columbus,3167
Lanofil Carizzia,3461
SISTER'S POINT,3729
Veda Lifestyle,1104
Dr.Martens,544
Kenneth Cole Reaction,547
Kalenji,210
Mistletoe,3424
Iipsa,2671
Tresemme,1670
Energy,46
Payal Singhal,3133
Life Studio,434
Konad,551
Vishudh,171
Expressions,215
Just Women,3154
Sfarzoh By Zuni,3104
Tara Projects,947
Fission & On Fire Deodorant Combo Pack,1347
Baywatch,194
Earthy Hues,1367
Waga,3564
4 pc deodorant Combo Pack,1349
Dr.Mariens,456
Aiza,3076
Pacific,1815
Vescose,3185
Splash,664
Rockport,109
Iraya,1638
Blingles,1932
United Colors of Benetton,573
Kilkari,1477
John Richmond,3527
Boho To Soho,3641
MIAMINX,1863
Alibi,3899
China Glaze,2093
Zap Shoes,777
Body Sculpture,2561
Swan,3324
Boohoo,4539
La Fantaisie,3449
Ungaro,349
Burner,3047
Tweens,3089
Spy,3389
Natio,4355
Nautilus,411
Duccatti,2228
Liza,4431
Lock & Lock,2824
Ramson,1882
Fruttini,3174
Luminarc,906
American Traveller,4303
Peppermint,275
Nicholas,2377
CR7,3295
Arissa,14
Seris,2499
Brune,4341
Freecultr Express,4125
Naturalizer,90
G Star,3366
Garnier,634
Rain & Rainbow,2156
Silvian Heach,597
Alia Bhatt For Jabong,3635
Kay,3354
White Lotus,2119
Sia Art Jewellery,2642
PUIG,1097
Playwell,1075
Needle Value,1360
Miezko,872
Crazy Color,4027
Vinezia,3043
Dhoom 3,2884
Lamb,4101
Bvlgari,356
Sand Dune,3254
Crocs,37
Little Aiva,2282
Alberto Torresi,5
HexBug,2442
KMARK,1489
The Bombay Store,3451
Ladida,1193
Khazana,1611
Polaroid,2370
Utsaav,127
Hamlyn,1812
LED,2362
Airwalk,3187
Aana,4401
The Who,160
Sourbh Sarees,2596
Bourne,545
The Vatican,2675
Franklin Covey,3361
Delhi Daredevils,3318
M&S,1296
Storus,2453
Stol'n,1234
Pretty One,2212
Alleviater,4383
Skybags,865
DERBY JEANS COMMUNITY,2055
Coloressence,844
Ralph,1078
Ravenn,1105
Barbie,164
Noddy,1066
Anasazi,2963
Twee Broer,3490
Biggie Bean,2335
Swiss Military,293
Red Tape,104
Shibori Designs,1362
Globus F21,2012
Newfeel,1850
Rex Straut,1737
Rukhsaar,2623
Teemper,1627
Lamy,2746
Alexander Of Paris,980
JONEX,2000
Cafe Coffee Day,1729
Polystyrene,2328
Polo Club Of British Columbia,1680
Peek-A-Boo-Zoo,2506
CO.IN,2984
Da Milano,3679
Diana Ferrari,1114
Toy Watch,4515
Westa Home,2471
Oleva,1660
Parampara,1722
Hidedge,2196
ADAMIS,2710
AC/DC,489
Trudeau,1376
Superyoung,3230
Rookies,2966
Dora Explorer,4183
Roop Kashish,1263
Magic Fairy,3554
Riviera,395
Z Collection,1657
Tecza,3489
Mmilano X'Xssories,3477
Khadi,2732
Purys,3466
I Know,1593
Glow & Glitters,1803
Aujjessa,2628
Aadaana,1568
Thisrupt,4251
Garden Vareli,572
Unicorn,1149
Arrow Women,658
Cadillac,407
Adiva,2250
Clst (In The Closet),3993
Skagen,1912
Philips,1594
Somyaleger,2173
Bossini,23
AW Home,2878
Aarika,1792
Lloyd,775
Spark,2110
Aapno Rajasthan,276
Nino Cerruti,388
Maskara,847
Triumph,1590
Afluence,4397
Mario,3599
Hush Puppies,69
Sensual Touch & Original Deodorant Combo Pack,1358
Pierra Cardin,2046
Capone,698
Adelheid,782
Kittens,1446
D Signer,1333
SG HOME,1260
4M,1950
Westhreads,3023
Saprose,470
Arth,3416
Kute Kids,3475
Status Quo Cubs,3715
Priyadarshini Rao for Stylista,2931
Green Storm & Cool Wind Deodorant Combo Pack,1340
James Bond,2504
Redskin,3001
Leapfrog,1063
ZAIN,1275
Urban Musk,1229
2XL,1876
Man Of Steel,2768
Promises,3535
Beverly Hills Polo Club,1745
Alfred Dunhill,326
Stevan,451
Kik,2369
Nishka Lulla,2900
Tivrah,3643
Blue Fantasy & Original Deodorant Combo Pack,1356
Swayam,222
Flirtatious,4253
Riwaaz,1873
VIVA DECO,1084
Air Val International,404
Sudarshan Silk,4285
Pera Doce,3623
Make Up Factory,1513
Trendy Baubles,1827
Izod,73
La Firangi,3791
Addons,1113
Mentor,794
Babor,1466
Pani Black,431
L'amore,1416
Calvin Klein Jeans,1237
Berry Purple,2043
Speedo,252
Corner,2426
Ladybug,3871
Enco,228
Fresh Line,509
Knotty Derby,2667
Folklore,459
Chrome,1634
Blue Wave,1217
Ambika Pillai,1658
Aarya Ethnics,3243
OUAPS,1902
Softrose,4019
Korn,2945
Skookie,3261
Wizman,3299
Freelance,286
High Sierra,1775
Bugatti,607
Arrow Woman,1262
Arkion,2208
Lara Karen,1037
Pepe,96
Incult,2364
Monteverde,2343
Elle Kids,2183
Gritstones,1559
Helios Euro Style,3238
Pavers England,1476
Lord's,2961
We-Desi,3537
Studio S,3945
Home Bee,2873
Mineral line,508
Florence,2621
Kosher,3063
Malvin,723
Southpole,614
Cotler,2209
Eminence,754
Dazzio,2249
Krishna Mehta,3137
The X Effect,1243
Skywatch,3068
Mani Jewel,2947
Kmb,765
Pera,3609
British Vogue,3955
Ray Ban,1152
Nikko,1017
Classic Polo,2269
Vedanta,2986
Aura Bags,2919
Bandilino,453
Xdye,1122
Herberto,2326
Mutant Ninja Turtles,4143
Frestol,4433
Lanvin,418
u c b,573
Ninja Turtle,3055
Luc.8,821
S&P Casuals,707
Avenger,4379
Starlo,1798
Rawhide,103
Philips Imported,3286
Vamil,1972
Case Logic,948
Ferrari,372
Mont Blanc,386
Jason Natural,1185
RAVENSBURGER,1258
My Baby,2894
Biara,1728
Enchant,3029
Paco Mena,598
?-Tag,2210
ESPANA,1900
Lovely Lady,3290
Geonaute,625
Parinita,3180
Aparnaa,3548
Jbj Perfumes,2657
Pacogil,873
On Fire,1220
UCB,125
Nyah,1459
Subhash Sarees,3321
Generic Surplus,778
Adine,2700
BARCODE 91,1372
LEONIDAS,1818
Gkiidz,2704
Diadora,1810
Matthew Cox,600
Footloose,864
Agaro,3213
Dhruv Pallavi,3627
Prada,1096
Chanel,647
Vostro,3117
UDV,2070
Hallmark,1731
Nikos,376
Lalique,2072
Mumbai Slang,460
Opium,1598
Classe Regina,606
Club York,2957
Honey By Pantaloons,4493
Can,840
Vvoguish,951
K For Women,2007
Jachs,863
Cat,1918
Merrell,2756
Aquamagica,3895
Maxxport,242
Miss And Mrs,4339
Raja Saheb,2742
Amaira,540
Mocassino,1522
Soch,4161
Amargiri Jewels,2953
Step 2,1406
J Style,3027
Betsey Johnson,3050
Sheetal Jewellery,492
Patagonia,503
Supergirl,188
Kipsta,208
NINETEEN,2175
UFO,2634
Van Heusen Sport,569
INCENSE,2401
Organic Therapie,3384
Romanson,1464
Eteenz,2575
CHELSEA,2679
DRVV,3492
jack,696
Treo,902
Teakwood,2854
Tribal Zone,1665
Radico,2733
Camay,1029
Teo,2548
Besiva,2149
Lervia,3971
Vedantika Herbals,2974
De Rene,3326
Basics,145
Home Sparkle,1030
Keymon Ache,3189
Iris,576
Rinky,1631
A3,2006
Penny,3405
DFU,4271
Symphony,1420
UHL SPORTS,988
Bobell,3124
BRANDLEY,2689
Prince And Princess,3697
Shopkeeda,3867
The gud look,2595
Status Quo,478
Aabeer,3219
Dir69,3434
Leatherman,3550
Saumya,1527
Portico New York,1964
NATURAL BATH & BODY,797
Nivia,93
AT,886
Playboy,98
Pehraan,2253
arrow aoman,1262
Zuari,2181
Yuvraaj,2410
Esprit,511
Circuzz,3536
Via Spiga,445
Ag,3985
Ak,3485
My Addiction,1297
Marilyn Miglin,413
Morpunc,3191
KID'S VILLE,2063
Cyke,2065
Aq,4459
Cosmos Galaxy,213
Avirate,1510
Merastore,3033
Celebrations,1701
Crown Craft,1143
Da Intimo,4279
Oh Baby Boutique,4193
Floral Creations,2680
CK,33
Cupidity,907
Peperone,1443
DIM,1032
Snobz,2135
Hogl,793
Guns N Roses,2648
Soga,956
Helios My Ego,3240
Cheemo,961
Riti Riwaz,2910
Toy Kraft,1012
Sugar Her,3903
Peridot,2661
Chic,2468
DC,3114
Che,1840
APPLE,1654
Safari,4151
Jessi jordan,1157
Trucum,2487
Roberto Cavalli,360
INTEK,1072
Uptown,3276
The Purple Sack,4449
Bianca,562
Xcite,139
Orosilber,1425
F2,701
The Indian Garage Co.,2759
F9,2749
Butterfly Twist,1875
Decorium,1494
Blacksoul,2306
Marcoleone,202
Unikid,274
Soie,1908
Nida Mahmood,1610
Deco Window,536
Es,700
Induscraft,1395
Sky Kidz,2102
Pavers,95
Espirit,48
I Dance,2148
UNO,963
Jil Sander,3448
GC,3559
Forever & Folie,588
GM,2170
Inveda,3452
Lynyrd,514
Cool Wind,1218
Chhabra 555,1825
Bluestripes,2009
Hugo Boss,317
Carlos Santana,379
AMSWAN,3258
Al Zahbi,3977
Outgear,243
Hola,2875
Fifa,52
Taraash,121
Bkind,4055
HM,1567
SMART KIDZ,2636
Akkriti Kids by Pantaloons,4535
Rivosense,1571
Viola Sky,4307
Tnf,2323
Vinhem Fashion,3036
The Jungle Book,4131
Marc Chantal,601
ID,70
Chhota Bheem,651
Cappuccino,2270
E-rato,2497
Locomotive,84
John Galliano,728
See Designs,2098
Wet Blue,2286
Figo,193
MAC,642
Magnanni,4297
Gini & Jony,269
Gini,269
Gini Jony,269
Jony,269
Kurta with bridges,1870
HALSALL,1074
Hypnotex,3037
Wendell Rodricks for Stylista,2934
Smiley,3919
Cocoon,3013
Vital Gear,1532
MBE,2786
Bewakoof,2177
Anno Dominii,3051
TONIQ,1724
Paul Smith,1094
Sony,1389
Jewelizer,4089
Kappa,3144
WAHL,1003
American Club,3348
American Bird,2813
Guerlain,346
USI,852
Hoop,2924
Envy,3809
Harley,2740
Allen Cooper,8
Asmi,18
Kupiddo,2386
Wiils Clublife,134
Facetz Inspire,1501
SIA SPARKLES,3395
Espee,1756
Orchid,3409
Shreya.Mistry,3426
Volley,2951
Tactic,1923
Horo,487
Speed Up,1267
Armada,1453
Izarra,2061
Ks,2227
Buzz Bee,1920
Alto Moda By Pantaloons,4247
Elite Model'S Fashion,2351
Trendy Divva,2085
Spread,510
DSC,981
Campus Sutra,2841
Plums & Peaches,3839
Celine Dion,382
21Diamonds,1545
Avalon Organic,1184
Lbr,4069
Mahasha Ji,1374
Nano Speed,1940
Savie Shoes,4291
Kiaana,2872
Sketchers,2344
Zalora,4523
MS,1442
Hotberry,2079
Tonino Lamborghini,1215
Octave,1813
Up Or Down,1225
Design Roadies,3066
Tiptopp,662
VARAH,1989
Priyank,1886
Fila,53
Bentex,2288
Bern,294
Xblues,4435
Molton Brown,3446
Tiskal,2380
Joshua Tree,3192
Ethnic Route,2929
La Miliardo,1560
Seven For All Souls,1458
Fetish,1750
Phineas & Ferb,4145
Simond,624
Vendee Fashions,165
Daniblack,546
CRAFT,2591
Record,705
Ruby,3961
Radium,2059
Intimate Secret,3199
Escante,4005
Hoss,1124
Uttama Bhatt Exquisite,3496
Marc Jacob,1979
Talent,1816
Lee,79
Mandira Bedi,3134
Snogg,2886
TruDecor,2503
Eveflor,1088
Jesus Del Pozo,336
Bally,3205
Tangerine,1640
Maxence By La Miliardo,2312
Orbeez,2460
Diesel,327
Balls,1156
Be For Bag,952
Vichitra,2697
Rico Sordi,3378
Led Zeppelin,3127
ARTTDINOX,2606
Indiana,2920
Camino,3311
At Studio,2726
Karrimor,235
Boobot,2473
Svelte,2839
Tatha,849
Harpa,585
Fission,1228
ChessNCraft,2199
Parfums Gres,365
Aquolina,369
Living Proof,560
Catwalk,28
Bodenschatz,608
Ringspun,706
Yasaka,535
Polo Club,3472
Evaflor,1165
ARYAHI,2140
Jeanne Arthes,1600
Soup,4223
Ishis,1828
Winfun,1944
Ishin,1632
Via Italia,1843
Inc.5,71
Mushky,1806
Sempre of London,163
Ruff,3018
Lacoste,76
Club Avis USA,1609
Cutecumber,1605
Pari Knit,3528
Ahaana,3829
THWACK,1321
Fabroop,3439
Bhubaneshwari,2902
Urban Yoga,1195
SG,247
Biba Girls,888
Copperline,1308
Kraft,1264
P.H.A.T,1445
SS,1856
Kirsten,816
Tantra,120
Hermes,2073
Divine Trash,3343
Otls,1587
My Beauty Secrets,2848
Kanika Goyal Label,4173
Goyal Candles,1005
Alano,1771
Sleep & Dream,2327
French Republic,2382
Beados,1919
Timberland,895
Himalaya,884
Scott,1370
Veruschka By Payal Kothari,4263
St Ives,3803
Nuteez,2877
Four Seasons,2788
Back To School,987
Sole To Soul,2714
Jockey,1894
Firenzi,3221
Navyou,2874
Jean Paul Gaultier,338
Bravado,516
E.Bear by oLO,2552
Cyn,3647
Koola Anna,805
Eldora,3773
Oakley,1153
Pannkh,3751
Wear Your Opinion,2706
MMF,3419
Ethnicvibe,3565
Ecoiffier,1845
ENAH,1369
Shaftesbury,4281
Aramusk,2230
Donna Karan,381
W2,3268
Kaysons,2664
Kushi,742
Breez,4087
Tagbury,3885
Beauty,3128
Urban Musk & Casual Deodorant Combo Pack,1353
Under Colors of Benetton,659
Howzat,3292
Honeybumm,1261
Olay,744
WH,277
Brand 1,1
Brand 2,2
Joola,234
REPUBLIC OF SPIEL,1959
Impulse,4337
Marco Ferro,2378
Jeane,810
Mufti,89
STROLLAY,2130
Vividha,1427
Stylemydiamonds,3182
Zuska,1158
TERRAIN,1781
Bodymark,2826
Aerosoles,3303
Tshirt Company Kids,3649
Knight N Gale,3691
Michael Kors,543
Ritzzy,2979
Afsana,2576
XQ,1957
Call Of Duty,2647
SV Jewels & Pearls,2609
Morellato,565
The House of tara,1621
Samayra,3883
Arsya,2458
Louis Armand,1337
Captain America,3008
MMLM,4387
Vera Wang,2069
Vestergaard Frandsen,2518
FORESSTER,1786
Osia Italia,3056
Aditi Wasan,2457
Urban Influence,2365
Z.,4325
Saree Swarg,2959
Daesigner,3785
Vegetal,2734
Kuhjohl,1505
The Real Effect London,1322
Charvee,2568
Coucou,3407
Emporio Armani,1202
CHUCK,1253
Yc,2774
RECHIC,4345
Vana Vidhi Natural Handmade,3257
Leather Talks,2019
Maiocci,735
9rasa,3168
Outshiny,3158
Flippers,1789
Animal Planet,1067
MRF,2563
Bhartiya Paridhan,3561
Ethnic Closet,144
Accessorize,1554
BATA LITE,1759
Span,1058
Jacques Lemans,2353
United Toys,1048
DISCOVERY,2582
Pierre Lannier,2356
Trendy,1231
Urban Nomad,3873
Music Folks,2922
FREECULTR,1166
Abiti Bella,4525
Trends,1417
Mojave,1744
MSC,2580
Mavango,2086
MSL,3653
Emuze,4475
Fun To See,668
Reliance,1663
Alive,1437
Adriatica,3217
c k jeans,1237
Veneer,4311
Earth Conscious,4227
Hannah Montana,196
Clarity Gold,841
Mador,583
Emilio Cavallini,4201
Casemate,2311
Ka Sha,3486
Adaira,2521
American Tourister,885
Juicy Couture,976
Tanya Sharma for Stylista,2932
Grace,3397
U.S. Polo Assn.,126
Christian Audigier,529
s.Oliver,557
Bob Marley,2769
Bhama Couture,3799
Repechage,1747
MTV,857
Sundrop,2792
Charles & Keith,30
Ben 10,575
La Roma,3021
Gesture,1684
Bollywood Trends,3474
MUA,1602
Artengo,207
Grasshopper Juniors,486
Lsd,2314
Cult Fiction,3302
Trussardi,2838
Outsider,244
Glam & Luxe,2298
Orange Valley,3981
F&D,2322
Jayati Goenka,4215
Enroute Men,799
Rat Trap,2614
Stanfield,813
Alessia74,4537
Ruggers Young,2602
Faberge,389
Mayank Modi,3849
Capricos,440
Fransa,721
RCPC,1140
Rinku Dalamal,2896
Banana Boat,3801
Metal Gear,2124
Nirvana,147
Yas By Vero Moda,3464
Maurer And Wirtz,398
Shibori,3566
Earth,1772
Naona,426
Mills,811
Golden Girl,2479
Ishya,2701
MWG,3069
Sponge Bob,627
Claesens,2669
IM YOUNG,2428
Auburn Hill,2603
Cofit,2245
11 Diamonds,2114
Morphy Richards,2450
Sound Magic,2677
Salona Bichona,3329
G-Star,869
Hypro,233
Do Bhai Collection,2690
VIP,928
Pepe Jeans,2271
Inayat,3843
Zaveri Pearls,1995
Lion King,4147
Wonderchef,1386
Wood O Plast,2273
Falke,502
Label Ritu Kumar,3515
Le Temps Des Cerises,716
BEY BLADE,1257
Belladonna,2178
Saffire,3478
FREEDOM WEAR,2616
Akyra,2107
Aureno,3360
Eternal,3510
Boxfresh,1280
Nishka Lulla for Stylista,2930
MEEE,1549
La Rochelle,3098
Prakhya,3534
Pylones,2126
Tresmode,124
Images,2816
Elle For Watches,2244
Kashish Lifestyle,4229
Skin Truth,1371
HUNNY BUNNY,2637
Smokestack,2940
BEES,1859
Stedman,679
Star's Cosmetics,2391
Renait Handbags,1579
Poppers Girls By Pantaloons,4491
Prystal,748
Geniol,3454
Bangles N More,2995
Rinaldi,1498
Ddamas,527
Twisty,1986
Radhika Aggarwal,2217
Be:Kids,2630
Aspen,1751
Zuicy,2201
Nike,91
Ten On Ten,1478
Hanburry,1436
MEERA MAHADEVIA,1127
Ocean,913
Tangerine Clothing,2994
L'Oreal Paris,520
About U,2291
Helios Snobz,3236
Hot Wheels,950
Pink Heritage,4077
Quest,762
Roseacre Ireland,1480
Walkland,2717
Stellen,3273
Urban Woods,2080
Mrignain,2794
Helix,901
YES MOM,2638
Lining,238
Salt N Pepper,1336
Epitome,2822
Milton,918
ELC,1112
Sritika,278
ELF,638
Home Basics,920
Steppings Kids by oLO,2433
Yardley,2144
Unnatisilks,3502
Power Puff Girls,4119
Rahul Singh,4209
Marie Claire,1327
Gildan,676
Lawrence & Mayo,2424
Cocoberry,3763
Marc Loire,3797
Taanz,1714
Lavennder,1378
NABEEL,2421
Be Born,305
Laplazeite,1373
Friday,3116
Winnie The Pooh,4127
Private Lives,1866
Adaa's,3231
Sia Lifestyle,111
Cowboysbelt,589
Ihome,2883
Amboretti,892
Armaf,1649
MAYHEM,858
Peter Nygard,1242
Juelle,2950
Flying Space,3513
VOI,1461
DKNY,41
Victorinox,260
Tripti,2310
tZaro,1329
Yogesh Chaudhary,2899
Vanity Collection,3739
Davidoff,350
Bonjour,1699
Scarleti,3179
Proline,100
Broge,4041
Deccan Pearls,38
Pagarkhi,1788
Lacquer Embassy,3530
Salvatore Ferragamo,362
DOLSI,1155
Tatonka,2906
Pede Milan,3193
Torlen,3512
Antonio Bernini,1563
Gas/Warner Brothers,60
Delhi 7,1504
Breakbounce,2828
RED RIDING,2087
O Layla,3667
Get Glamr,1778
Tigger,4133
Sattyaa,4331
Prelude,730
Lumber Boy,1766
Madison New York,2355
Rangmanch By Pantaloons,4233
Nine,1449
Loris,1128
Combo Pack-Nike,1319
Casual & Urban Musk Deodorant Combo Pack,1342
Lyrics London,3865
Stoa Paris,1801
Duet,4237
Vinex,1855
Upc,2116
MILANO X'XSSORIES,1901
NBA,2968
Ironman,1163
Femme Fatale,2866
Carrera,420
Roman Beauty,3391
Versace,132
Tamanna,2476
Yelloe,1106
Faces Cosmetics,507
Zuci,2513
Carlo Rossi,2469
Slub Junior,4335
Sfarzoh,3096
Indidori,3129
Ripfly,2260
Camel Active,774
Desibutik,4313
Teenage Mutant Ninja Turtles,3279
Cubane,3557
Versace Collection,4377
Pazzion,4293
Creation Lamis,1646
Chromozome,1871
Pure & Fission Deodorant Combo Pack,1344
Samsonite,1582
Indian Terrain,184
Pasabahce,962
Taylor of London,1194
Guess Fresh,1668
Bottega Di Lungavita,3577
Rosy Bow,3558
Atom,1949
55 Dsl,714
Globus,1409
Moschino,2071
Kandy Floss,649
Adidas Originals,1761
Sweet Year,2993
FLAGON,2594
Organix,2773
Sahi Poshak,483
Gregg Homme,3529
Egle,44
GJ JEANS UNLTD,2617
Xenoh,2229
Touch Ups,430
Morrio,2592
Muela,2032
G Sports,1975
DICKIE,1070
Gatsby,838
Poze,2258
Welly,1943
Pink & Blue Fantasy Deodorant Combo Pack,1350
Tanya Rossi,1974
Invogue,2607
Louis Philippe,87
Hallie Calie,4469
Elle 18,3048
Royal Mirage,2203
H.E. By Mango,3560
Kiwie,3075
Wella,743
Chandrakala,4343
Bburago,1019
Alba,1711
Arden,1910
Zebba,2980
Atri,3309
ZIPPO,559
Colour Me,1181
Arkham Asylum,3583
Sportelle USA*INDIA,1613
Abhiyuthan,2997
HANCOCK,2358
KOOL KIDZ,2588
Pokemon For Playdate,4457
Class Cavalli,4373
Vanessa,3198
D'SIGNER,2226
Street 9,3987
Wilson,262
Organic Surge,495
Duke,1524
Ferns N Petals,1331
Evolve,2780
Kimberly Parry,1366
335TH,3911
Christian Dior,648
Just Cavalli,566
Shea,684
Design House,3677
Helios Louis Armand,3233
Plage,745
DORAEMON,2583
Dvs,773
Sally Hansen,538
Dune,4403
Aldo,7
Molife,2329
Vidaal,1671
Teleno,709
The Dark Knight Rises,1842
Posterboy,2371
Nair,2389
Trident,3084
Pakhi By Preeti Tomar,1746
Art Forte,2565
P.I.M.P,704
Daiki,2748
Floret,3979
La Emotio,1415
Mia,443
Mishti,1531
Lovely Chick,2470
Raindrops,1490
Calzini,1707
Wenger,3121
Casall,807
Satrang,1418
Sia Fusion,3346
Tefal,2509
Euro Style,2412
Rumour,2397
Dxi,1599
Britney Spears,366
Juliet,2237
NKY,2870
Mix,3277
Femmora,2903
Dupe,854
Crimsoune Club,4043
Alfi,2803
Urban Country,2334
Daniel Hechter,1178
Vedicline,789
Bebe Comfort,650
Jonez,2570
Elle Time,2122
Glamcom,4115
Thomas,2443
Wonderland,1603
ROCKFORD,1823
Calligraphy,4017
Y & S,1805
Heroine By Jinaam,3497
Greenfibre,4505
Free Authority,149
Shilp Kala,1556
Tecnifibre,256
Zuni,140
Cupcake Celebration,3382
Parihan,3775
Ginni,2948
Color Cocktail,1574
Dollar,3657
Make My Day,2799
Crazy Palette,3509
Aawrun,1704
Omax,1608
Marc Jacobs,3024
Aiva 5th Avenue Collection,1799
Dunhill,1110
Molto,1076
PARRAGON,1111
Reit,2456
VITAMINS,2485
I Heart Makeup London,4261
Palm Beach,2166
Rosehip New Zealand,3255
Mojo,1581
Powerpuff Girls,3146
Manyavar,1655
Wendell Rodricks,2898
NOI,880
Tapyti,2174
Dermalogica,1726
Blotch,3415
Rajdeep Ranaawat,3429
Myraa,3701
Fabindia,50
Sonjiya,899
Sareez,1306
Vida,1399
Souminie,3386
Style&Co.,425
London Bridge,2132
Garcia Jeans,3374
Melange,3147
Harissons,2414
Shorty Capone,1187
Crusoe,2081
Kings Craafts,2319
Gloria Vanderbilt,396
Rachna,2307
Dorothy Perkins,3102
Calgari,3605
Disney By July Nightwear,3078
Addict,812
Archise,1024
O3+,3673
Corelle,927
Stephen Joseph,1428
Montblanc,3204
CRAZI DARZI,3743
Rampage,452
Vidal Sassoon,1025
JM-Just Mine,2129
Zirh International Eau,392
Glamazone,1511
Citywalk,32
Basicare,1056
Alfa Bravo,2186
Babe's Studio,2670
Alma,898
Ivory Tag,1209
Angry Birds For Playdate,4455
Satyavee Designs,168
Obsessions,220
Indian Hub,1397
Identiti,2280
Art D'Inox,211
Russel Hobbs,2449
Columbus Gold,493
Arezzo,3160
Identity,1921
Pink Paradise,1222
Rangini,1695
Cars,4123
Campus,26
Geoffrey Beene,335
St Pauli,678
Parul Grover,3995
All Brands,3130
NUROMA,2666
Ffreak,3216
Roadies,1197
Mool,1824
KYLA,1861
Sakamichi Paris,3813
Susme,4283
Meltin,3881
Mishka,1145
Campri,223
Geox,587
Sringam,3227
Levi's,82
Antonio Banderas,1101
Vogue,1151
Aroma Treasures,1637
Ouxi,2988
Hallie,2305
Fashion-downtown,1586
Helios Sweet Caprice,3767
Bhaarat Bazaar,2847
Charlos,433
U V & W,2257
Doodle,646
Masters,241
Poppers Boys By Pantaloons,4483
Calvin Klein Underwear,1236
G&D,2141
Biobloom,3099
Jugnu,1659
Ethnic Closet Limited Collection,1512
Copag,2419
Peaches,2770
Spicy Love,1223
Denman,3065
Fluxx,2185
Infancy,2001
Nitrite,3631
Harvest,2728
Nanni,2921
Boss,635
MORPH MATERNITY,850
BRIJRAJ,1141
Ventura,1997
Alvaro Castagnino,1405
Pien Dairy Spa Latvia,1465
Fatkart,3035
Phineas,1941
Quarter Spoon,2309
Character,1530
Ajmal,3220
Einstine,4381
Nivea,942
MESLEEP,1287
Lautus,3661
Colorbar,937
Xora,2829
Oxbow,497
Yonex,263
Rsvp By Roli And Saurabh,4361
Trend18,3400
HANG N HOLD,2422
Harry Potter,3925
WONDERBRA,2694
Casmara,2038
Stardox,4541
Alcott,6
Adaa,1411
Nikhaar,1543
N-XT Girls,2812
Spiderman,115
The Furniture Republic,2302
Lalana,1625
Zebra,1413
Lola Skye,3543
Cubic Fun,1951
Tiana,2547
Espiral,4001
iDance,2375
Siover,3989
Shwa,2111
HS Jute Craft,1776
Vanesa,990
Claude Lorrain,4107
DC Comics,150
NYK,2890
Vine,1432
Crayola,1925
I Love Goa,4479
Caterpiller & Meryl,29
Davinchi,2115
POLO,1034
NYX,1475
Modacc,166
Maspar,917
Gifting Ideas,1687
MEIRO,1752
Mind The Gap,3088
Indian By Manish Arora,1874
Signature,2696
Little Mommy,2441
Cottinfab,1332
Vinod,1338
Baldessarini,3533
Design O Vista,1904
Berry Peckers,2909
u.s. polo assn.,126
Entropy,1612
Linen Love,2315
Kira,1666
Moxi,3026
Axwell,3587
Yaya,822
Karma,1053
FKF,3202
Gucci,367
Mercurii,3659
Fopping,1365
Arnette,2629
Ambica,1541
Mytri,4421
Envirosax,469
ACCENT DECOR,1198
Holii,68
Flora,1080
Neoveda,4389
Lexon,2821
Bag Forever,4023
Trinketbag,2982
Hugo Chavez,3178
Divaat,4519
Sweet Year by oLO,2431
Club Fox,3156
Vintage,930
Morgan,2139
jack & jones,696
FLX,1849
Style Homez,1966
Indusdiva,3375
Joyks,870
Zink London,3218
Tarzan,4121
Featherlite,301
Jazzup,2668
Stella Maccartny,1601
Jacknjewel,3893
Xoxo,447
Frenchtrendz,2698
Zalando,1606
Libaas,3265
Secret Temptation,3441
Niket Mishra,4265
Revv,1565
WOO,3030
WOS,1516
Anaya,11
Kiss,282
Craft Traditions,1387
Lastrum,2262
Beebop,929
FNF,1400
Trunki,666
Starx,1482
ARISTOCRAT,999
K.s.Petal,993
FNS,1288
WPC,1553
Happy Shopping,3721
Wills Lifestyle,1132
Heart 2 Heart,1167
Lux Lyra,3937
Viva,2117
Rugoe Design,3607
Jeane Blush,826
Bohemia Crystal,1421
Scooby Doo,178
Max Mara,1093
Zeal,1736
Lil One,1433
Use Me,2332
Tie Rack London,3074
Turtle,1589
Pink Cherry,740
Jadise,4375
The Stiff Collar,1318
Planet Bike,2190
Exotica,2865
Emper,1644
Belmondo,579
Monteil,2925
Heritage,966
Chemistry,31
Goodbells,1307
Lacxo,3401
Vov,1460
Little Rascals,2678
Super Dry,3412
Deal Jeans,1725
Santas,2507
Billi Bi,866
Jabong Collection,2361
Zwart,3445
Rani Pink'k,1864
Amore,1364
N-Gal,2908
Daniel Klein,2545
Stupid Cupid,117
Zalando Shoes,770
Zeco,3532
Slumber Jill,3200
Airfield,582
Spaces by Welspun,550
Wake Up Competition,2624
Report,454
Sector,567
People,1138
PrettySecrets,2574
Birkenstock,205
Ore10,593
Espelho,1890
Titan Skinn,2987
Good Things,1652
Leonardi,264
Hidekraft,1294
Hunar,2333
Bellfield,4013
Benetton Kids,268
Hiba,2108
footlicious,4309
Manvi,2531
John,1060
Itanano,2352
Aquador,1930
Celio,2496
Antiformal,2655
Blueberry,2791
Zeel,4203
Floyd,3091
Fontal,3779
Mosaic,932
Pieces,688
Sarah Jessica Parker,393
Betelnut,271
Key West,3737
PLAYSKOOL,1252
Colori,2349
Karen Scott,438
Square,1768
FSY,1917
Arena,2558
Vaseline,2388
Evetoes,2162
Colors,1042
Givenchy,421
Marvel Heroes,162
BBlunt,4353
Vovoka,3107
Touch Trends,2681
Foot Petals,2687
Jb Studio,4507
Millefleur,1643
Ritu Kumar,3521
Jojo,1116
Razer,2147
Bansi,4047
Welspun,720
Restart,800
Clocharde,578
Divine Art,1311
Dhwani,2888
Marvel Avengers,2764
Me Jewels,1528
Astron,3342
ISHOES,2716
Anita Dongre,3136
Coqui,3575
Airovit,2436
Pluss,1299
Maui Jim,2134
WWE,1129
Pinq Chiq Collection,2863
French Connection,332
Sheer Skinz,3418
Nee,1618
Sakhi Sang,1335
Dennis Morton,2077
Makeup Revolution London,3297
Stalk Buy Love,1867
Deha,818
Mona Glamour,1500
Crosscreek,1996
Roommates,1208
Bas Vampire,2560
La Parisienne,3172
OGX,3753
Crabtree & Evelyn,3345
Elizabeth Taylor,314
Karya,3335
Portico,221
Dry Lake,738
Sattika,2039
January Rose,3414
Bollywood Replica,2339
Panasonic,1595
Joma,1947
Giorgio Beverly Hills,2074
TBASE,2434
Aura,2118
Koboy,3188
Tonga,1382
Promens,1914
Feank Foot,4109
Lolita Lempicka,1203
Take Me Home,2184
Zatude,1669
LAMERE,1858
French Connection Underwear,996
Salon Hits,3460
WYM,2325
Public,829
THALGO,1410
Plume,2879
GEAR,1160
Dreamberry,2191
Elitus,2604
Incynk,2659
Femella,1248
Madagascar 3,3861
Champion,3176
Tifosi,3350
Mark Home,4061
Bubblegummers,2136
Hubland,3759
Zeki,731
Butterfly,2246
Auravedic,1180
Skokie,2168
Volare,2238
Enfin Homes,1735
Monte Carlo,1514
Luella,1119
Cobblerz,151
Travel Blue,656
Riverinc,4051
Pardigm Design Lab,3052
Flying Machine,55
Dirt Complet Edition,1933
Extreme,1227
Arrow New York,1544
Formula-1,2815
Vani,2633
Quechua,206
Sigg,248
IKIZ,957
Angry Birds,909
Vans,613
Manchester United,1206
Warewell,4267
Luvely,2462
Pilot,2510
Kara,289
Furla,3524
being human,3163
Che Guevara,628
JESSICA MCCLINTOCK,339
Leather Class,4113
Fission & Original Deodorant Combo Pack,1357
Parksons,1081
Hike,2901
Smiley World,3142
Krrish 3,2725
True Wanderer,3544
Cherokee,2393
Joop,357
Grasshopper,2221
Beebay,3054
Reyane,390
Amarsons,10
Bruman,299
Fossil,1200
Seasoul,2543
Skechers,112
Home Expression USA,2540
Big Wasp,2990
Surily Goel For Arissa,1292
Saviq Bee Venom New Zealand,3256
Morelatto,3709
ALFA,998
Toy Story,4135
Madhuban,4035
Scullers Sport,2996
Red Rose,3562
Colorica,3014
R HOME,2398
Fort Collins,2913
Kuroki,4481
Metco Sports,2236
Gosen,231
Ambadi,1770
Minikins,1913
Art Emporio,2047
STREET WEAR,687
Deziner Boutique,1392
Katt,2686
Berge,2960
Anne Klein,437
Go Go Thomas,933
Rootcauzz,3355
Ponds,692
Uptowngaleria,3330
Parikrama,2363
Espresso,2418
Religion,3725
Runner Chief,2741
FAIRWIND,3747
Wishful By W,1481
Charles Jourdan,2342
Clyda,3105
Forest Essentials,1009
Silver's,2161
Fidato,1819
Anahi,2131
Preeti S Kapoor,4207
Cygnus,1837
PINQCHIQ,2415
Giorgio Velenti,1809
Mafrc,2656
Von Hachi,2857
Vector-x,1300
Malhar,2021
Species,1585
ANIMAL,1916
Cheerful,2949
Forever New,56
Noritake,1961
Feminista,2720
Vedikas,4437
B.Kind,2505
6By6,3482
NAMO,1540
Bodygraphy,532
GAP,1090
Eminem,2766
Karishma Shah,1134
Sanskriti,1291
Sincere,285
Sabhyata,2345
Bendly,1423
Zest,554
Salwar Studio,1508
Kasab,2928
Passi Belle,2525
Belmonte,20
Twin Bird,1547
Hubberholme,3625
Murcia,295
Imli Street,3541
Siyaram's,3411
Blue Fantasy,1221
Kaya,970
Swarovski Create Your Style,3639
HYPE,1945
Perfumer'S Workshop,347
RVLT,3745
Taurus,1708
Chirpie Pie By Pantaloons,4487
Mango Kids,3563
Via Soho,877
Colormode,2284
Jove,152
Not Bad,3100
Imperial Leather,1210
Jimmy Choo,2836
Surreal,4301
Tshirt Company,2416
Kiale,1492
Guy Laroche,328
Aurelia,626
Home Heart,2303
Myck,505
Swiss Polo,2167
Vitamin A,4199
Fash-A-Holic,4385
Planes,4141
Sunev,960
Andrew Hill Sport,4031
Theresia M.,876
Rivaaz,1320
Vakaro,2152
MySin,3741
The Design Factory,3817
Maskaara,967
Pennline,2743
Wild Republic,533
FabFurnish,1583
Zevrr,3603
Nickelodeon,387
Colors Couture,3731
H&M,1121
Nu9,2508
Sarvinis,2459
Unamia,2060
Anubha,3749
Inkovy,4053
Masuri,2220
Moh Manthan,3523
Wake Up,2676
Ruggers,2601
Sahiba,2278
Hitz,67
Asian Pearls,461
The Denim Engineers,1723
Silhouette,2709
Wilkins & Tuscany,3079
Stuart Weitzman,436
Macroman,2856
Karen Millen,3413
Pocket Money,1922
GFQ,1188
Enelle,824
Idha,2887
Intima,3959
Tickles,4149
Classics,2843
Nun,176
Jaipur Kurti,2715
The Courtyard,2846
Feelings,2859
Genesis India,959
Chloe,1980
Mee Mee,633
Giovani,1546
Bonaty,2524
Laxmipati,1576
Innocence,1905
Story@Home,2018
Lee Cooper,80
Diovanni,2146
Fame Forever,3145
2 pc On Fire Deodorant Combo Pack,1348
Sonia Jetleey,4189
Tuxedo,3615
Pierre Cardin,344
iLO,2755
Bergamot,2776
Chenhao By Nell,2654
Collectabillia - Sachin,2801
Lucy Secret,3073
Doreanse,3683
Let's Dance,972
Daffodil,1154
AYU J,2338
Profondita,819
Elisabetta Bartolli,4363
Danish Design,2003
Divina,751
Blue Buddha,4371
BANDOLINO,552
Mehrasons Jewellers,1125
HOT ICE,1976
Senorita,661
Aqua Doodle,1928
Enroute Women,798
Cotton County Premium,3933
Veni Vidi Vici,3491
Victor,259
Nirlep,1172
Scullers,1191
Sattya,3042
Lazreena,78
House This!,217
Tumi,3206
Bronz,2737
Bronx,792
Le-Fore,3705
Lancome,641
Swarovski Gems,3002
GKI,1692
98 Degree North,2973
Only,616
Simpsons,3795
Stellar Home USA,1963
NEOPACK,2153
Herbal Bionature,3455
Coleman,2562
Timex,1010
Satya Paul,190
Weinbrenner,1325
Kurti'S,1502
ADDA,2127
Swatch,481
English Blazer,1647
Desigual,1575
Velloche,2967
UNI STYLE,1265
Saje,1403
Oks Junior,4429
Tommy Hilfiger,348
Ambi Toys,1927
VIRO,2075
Hatcher,3115
Force 10,672
Chennai Super Kings,1999
Lockstoff,827
Buckaroo,24
Stiga,254
Kenneth Cole,352
Dolce & Gabana,1953
California,3349
Sonata,506
Greenobag,4217
Victoria Delef,595
Said,1401
Justanned,3851
Wmf,2652
Radico Sunab,2753
Arabian Night,2834
Hidesign,65
MONTAGNE JEUNESS,784
Candy's,2754
Titan,521
Peora,655
B'Witch,189
Wasan,1689
Rinku Dalamal for Stylista,2935
Adore Me,1529
Caparros,455
William Rast,3999
612 Ivy League,915
Phytomer,1467
American Swan,1673
Jack & Jones,696
Prokennex,534
BABY LOONEY TUNES,1183
KIARA,1569
Dr.Denim,699
Your Turn,712
Quirk Box,3132
Under Colors,2290
Swiss Design,3280
Gola,772
Cavallini,1205
Siddartha Tytler,4175
Valehri,2242
Firemark,3150
Ikom Collection,3289
Spring Break,3338
SHER SINGH,1235
Navvy Silver,2793
IV PL@Y,3443
Ilk For Jabong,3431
Viviana,1688
Fnb,2738
Soap Story Australia,1483
Wow,1064
Caesar's World,318
Sparkles,887
La Zilver,2409
Vaamsi,4275
Aerosmith,3126
Toni & Guy,539
Sant,2445
Saminc,3353
CACHAREL,310
Swaroskvi,4259
ARCHISHA,1271
Kidsville,1821
Quiksilver,783
Hot Berries,1189
J Collection,3046
Sharnam Art,2860
Regent Polo Club,175
Free Living Store,3244
Desi Connection,2864
Fisher Price,910
Fox,3821
H2X,3151
Chronostar,3245
Vero Moda,693
Up Down & Trendy Deodorant Combo Pack,1354
Carex,3016
Marc Ecko,654
Bulchee,2064
Avengers,975
Brushman,1164
Manufaktura Home Spa Prague,1484
Fisher Space,2744
Laken,237
Phive Rivers,2519
Wills Classic,908
Destudio,1762
Baggit,750
Lapidus,1091
Rooh,3481
Obidos,2169
CATERPILLAR,856
Karl Lagerfeld,341
Sandak,2300
Mr Button,2480
Presenta,2775
Peppertree,897
Bcb Girls,553
Tokyo Talkies,2817
Avon,2608
Ferre,2492
AIGNER,1100
Talking Threads,2430
Farenheit,1450
Egoss,45
Kanvas Katha,1006
Gio Collection,2472
STEPpings,1131
Little India,219
Athom Trendz,2188
Paco Rabbane,1212
Q&Q,1312
Jennifer Lopez,334
Zucchini,3357
Michal Kore,458
Ruthless,674
MIAMI BLUES,1283
Annabelle By Pantaloons,4497
Standard Chartered Mumbai Marathon,4007
Lotto,85
FOLLIE,2425
Clarks,34
Hike - Height Increasing Shoes,2534
Little Darling,2569
X By Gottex,4075
Vector,258
LIVE IN,3703
Naf Naf,817
Li-Ning,3693
Seidensticker,806
18 Fire,1705
Adexe,3859
Casino Parfums,415
Time Option,2941
Flap Doodle,306
Lisca,732
ILEX,1298
Libas,3467
Sara,4351
Bright Starts,1051
Preety Girl,2796
NINJA HATTORI,2585
Wallies,667
ADPC,3123
Franco Sarto,441
Chorr Police,653
Saphisto,893
Stilo,4317
Sportking,3735
Liz Claiborne,324
Pangea Organics USA,1488
Kipling,592
Cheri,2045
Go Bahamas,3194
Rajnie,3495
Lamora,2104
2GO ACTIVE GEAR USA,2094
D'Decor,424
Roar And Growl,2529
Rattrap,2830
Dikson,1733
Floy,2719
Sunburn,3576
Andrew Hill,1429
us polo assn,126
My Ego,2413
Silk Bazar,3122
Obviously,3310
Stykin,3617
Silverlit,1016
Power Rangers,2054
My O Baby,2171
Grass,2684
ITNOL,3519
Hawk,1690
Punch,3109
Fungus,3207
Kaizen,1693
Peter England,185
Street Wear Color Rich,3436
Gabi Life,3879
SKULLCANDY 2XL,2301
Reid & Taylor,107
Parisvally,1211
Georgio Beverly Hills,385
Ms Entra,4015
Airtel Delhi Half Marathon,3507
Louis Olivier,3975
Welhome,3041
Trend,2211
Blue Wave & Up Down Deodorant Combo Pack,1341
Lmfao,3589
Krishti,3573
Mickey & Friends,191
Nins Moda,2044
Fantasy,4059
Bormioli Rocco,1407
Santa Cruz,717
CaratLane,2150
Remy Latour,370
Adybird,3506
Warner Brothers By Mesleep,2645
Rangriti,3164
Bitterlime,3223
Big Bang Theory,2646
TRESMODE(HIGH END),474
Lakme,632
Kidztech,1955
Narumi,2651
Flud,3159
Platinum,2120
Stalk.Buy.Love,1965
Purple Nasty,2206
Shilpi,3845
SbuyS,4197
47 Maple,2486
Grace By Miraaya,2713
Ezra,2981
Tossido,1604
John Ledlie,2187
Willy Winkies,2880
Marvel Comics,157
Ethane,3949
Jesse MCCartney,3973
Royal Diadem,1491
Red Chilli,1636
Glidermen,2999
Jogur,1962
Hangout,3248
Nittaku,1266
ck jeans,1237
Swiss Army,309
Dreamgirl,4003
Origin,4513
Glamour Girl,911
Elvis,2649
Erbario Toscano Italy,1836
Alba Botanica,1186
Power Break,1878
Oli,2747
Venice Beach,834
Silver Princess,971
Mr Men Little Miss,1896
Olo,2533
Sublime,3983
CERRUTI 1881,2341
Franco Leone,57
Opal Clocks,522
D-GREEN,2587
Estelle,49
Royal Copenhagen,361
Akrti,2099
Arpn's,1888
Style Centrum,1675
Pietaan,2477
Flur,4033
Sf Jeans,4495
Play n Pets,1022
Natt-G,3081
Helios Viva Aroma,3234
John Players,423
Concepts,3087
Admu Belts Munich,591
Euphoria Coins,1537
Gerber,2516
Roxy,498
Roxx,916
Latin Quarters,488
Instyle Parfums,399
Airfix,1044
Paislei,1573
Vandana Sethi,4347
Prefect,681
Mickey Grunge,2767
Cetaphil,4391
Miss Bennett,1162
Onn,2205
Brats N Dolls,1822
Surat Tex,4243
Netaya,1948
Bio World,2904
Wildstone,3442
BANISH,2631
Daphne,1763
The Vanca,1447
Natural Honey,3456
Kaaryah,3298
Rubiks,2294
H.I.S.,586
Jagdamba Pearls,74
ANUTTAMA,1844
9 To Five,468
Jagson,3270
Spongebob,4137
La Creativite,1394
Pierre Rene,3487
SCHWARZKOPF,995
Jolidon,725
Closet Ranipink,3291
Narcisso Rodriguez,2231
Inkfruit,172
Slazenger,249
Sanchari,2683
CHICCO,1035
Daddy's Capes,3869
Les Lolitas,763
Opi,914
Clip Fresh,1419
Tommy,122
Gipsy,2372
Eve & Ella,617
Tom Ford,3322
Soulflower,955
Stylista,2916
Ives,4079
Western Route,3939
Tiny Girl,2384
Kookaburra,236
Pink Floyd,158
Azzaro,380
COTTON COUNTY,2381
@home,921
Estee Lauder,345
Avani,1434
HCL,1662
The Caterpillar Express,1109
Marc By Marc Jacobs,2557
Scentra,4065
Debashri Samanta,3140
Colorbar Cosmetics,637
Urbanwoods,2475
PSY,2944
Gas,180
Seeya,3000
Aaboli,3339
Lalit Sengar,4211
Apepazza,781
SKINS,1136
Narciso Rodriguez,1204
Relax,2482
Spykar,116
Isiss,170
Cheek,891
Erke,1767
Voile,2222
Akkriti By Pantaloons,4231
Element,556
Byford,4501
Funk,2062
Asics,17
Baby Dreamz,660
Schwof,3090
Collectabillia - Dhoom 3,2800
Viva N Diva,3266
Blue Heaven,3675
Gabambo,3637
Snug Hug,1385
BIBA by Rohit Bal,2736
IDEE,1057
Citrus By Vidhi And Vartika,4241
T10 Sports,1984
Playdate,2527
Miss Claire,1743
Fashion Police,1970
Zoey,1503
Love From India,1328
Fume,3058
Ted Lapidus,2438
Kung Fu Panda,1992
Alba By Seiko,3226
Northern Lights,4095
Clarus,3222
Nautankii,1493
Moda Desire,3306
Whooz,3005
Biba,21
Castle,2760
Sahara Force India,853
Dunlop,227
Vagabond,768
PERFUMES DE FAMILLE,1095
Yves Saint Laurent,340
Krishna Balram,968
Ginger,3272
Massimo Italiano,2020
Sumrita,3538
Irock,2882
John Lenon,281
PADUKI,2688
Eavan,2304
Giordano,530
Zoha,1440
Donna And Drew,2827
Jacomo,351
Floid,3457
Bluhmod,808
Dezaina,1742
Mariemeili,1829
Jean Louis Vermeil,1241
Golden Peacock,1993
Banana Peels,1831
Shoot,874
Nina Ricci,359
Yellow Jeans,2035
St-Martins,729
La Zoire,3313
Polo League,3224
Pure Play,3917
Baby Phat,457
Energie,713
Anthra Melange,2192
Cocobear,2528
Rooba by oLO,2555
Victorinox Travel Gear,2034
Think Positiv,833
Gaurav Gupta,3402
Platinum League,1697
Karleo,3135
Caran D'Ache,2745
Lovable,1036
Monza,1496
Miss Selfridge,3479
Helios Alive,3241
Stamp,3307
Camel Mountain,3251
Anta,3364
Gloria Garcia,1448
Spicy Love & Original Deodorant Combo Pack,1351
Batman,19
Escada,331
Do Bhai CollectionEL,3064
Marriner,3645
Tomatillo,4057
Krafftwork,3394
BRAUN,1007
Sultan The King Of Kurta,3547
Enkay,229
Aashima,2154
Georgio Armani,329
DASTAK,2640
Anatomie,4531
Alfani,446
Power Trains,1926
Zorro,4477
Sixth Element,4315
Soultree,1791
Hilook,3887
Carpedium,2641
Coach,429
Vedic,3574
Prom,201
Azure Decor,2626
Prestige,1661
Gildermen,3007
Kennady,3905
Craft & Culture,1384
Choclate,279
Ayesha,2067
Mister Classy,3619
Armaan Aiman,3423
Zoob,1952
Interblocco,1969
Ivoc,4225
Beatles,146
Mango,1092
Madara,1628
Lady Lyka,2787
Meira,1577
Tend Skin,2138
Markrich,3373
Fruit Of The Earth,3015
UNIT 27,494
Desi Weaves,2806
Zoop,1279
Lodge,2804
Kiepe Scissors,2049
Nayab,2455
Christoper Wicks,408
Marco Tonino,2844
Nirankar,1139
Franco Roma,580
Miyo Poland,3526
Rhysetta,1499
Superkids,2665
Ratnakar,3921
c k,322
Aalya,1441
Elaborado,3967
Blue Parrot,2481
Knight N Gale (England),3070
4711,2234
Nickoteen,1765
LEGO,1259
Dori,1396
XnY,3951
Miss Rich,4163
Akkriti Mens By Pantaloons,4499
Spyra,3555
Tejoo Fashions,2535
Ashika,1614
Avishi,2692
Faballey,1903
Nineteen Shoes,2252
Friis & Company,780
Gitanjali Jewels,1564
Samaya,2254
Urvashi Joneja- Label,3484
Gillette,842
Blue Bees,945
Azalea,3430
King & I,2620
Parx,1892
FCUK,657
TRACER,2411
Alia Bhatt,3380
Jojo Maman Bebe,1438
Fritzberg,3333
Dora,694
Cult Ficton,3260
Any Walk,2758
Cloe,1773
Casual & Trendy Deodorant Combo Pack,1355
Escan,3149
Delize,2041
Hopscotch,935
Vantive,623
Restless,3517
Casio,490
Msquare,2942
Bombay high,1607
Vivid India,2530
Lithium,2876
Modelart,1043
Sahiba Hypno,4369
Black Coffee,173
Extreme & Sensual Touch Deodorant Combo Pack,1352
Bruno Banani,590
American Derby Polo Club,2360
Zoot24,3011
Nirwana Herbals,3195
Evolution,2048
Clinique,321
Simpson,1757
Priyadarshini Rao,2895
Bridalme,4067
Lord & Berry,513
Silky,2267
Anna Maria,1033
Goddess Women,1838
Artjini,1317
Centy,2463
Provogue,101
PRINCESS,1073
Cuba,323
Ivanka Trump,4103
YSL,1954
2XL By Skullcandy,2374
Sensual Touch,1224
Dermatopoietin,1734
Cube,2367
BLANCA,1779
Adora,2483
Blue Saint,3131
Silk Weavers,2512
Steenbok,2145
Sfarzo By Zuni,3410
Disney Princess,4117
COLORLIFE,2612
Trylo,1047
Austin Reed,1213
Waves,2662
Nauti Nati,475
Little Marcel,883
Inego,3120
Greenapple,3062
Metro,936
Colour Splasherz,2461
Papillon,2885
QQ Angel,2992
Mua Makeup Academy,1755
Mumbai Indians,1998
Tom & Jerry,179
BHPC,1716
Mint,4129
KILLER,1168
Toebuk,2474
R&C,2807
Alpha Man,2224
Filone,4451
La Romani,2261
Bodyguard,4021
Riverstone,2420
Popeye,4157
Jaguar,374
Calvadoss,2042
Florsheim,54
Molcha,1946
Maglite,240
Silver Queen,1270
Meylon,3783
Pier One,878
Kalista,4011
HUD,1877
Dv Mayia,444
Cloak & Decker,3847
Votre,558
A&F,3323
A&G,3422
F Sports,307
Velvet Burst,2467
Lino Perros,183
Artwood,3017
A&N,3352
Paris Hilton,368
Hitachi,3514
Stilestreet,2264
Tiny Baby,2385
Shanty,3284
Contempo,605
Parfum D'or,1452
Wolverine,3593
Imagination,3941
Bizarre,167
Oligodermie,1469
Juliana,2200
Carlos,542
KangaROOS,702
David Jones,1509
Maco,1911
Surya Sarees,2395
Breo,1718
Billy Idol,280
Ambassador,1521
Swedish House Mafia,2943
Hasbro,2962
A - Progeny,1368
Fabtree,2699
Paprika,3540
Aivin,302
Cool Quotient,3170
Fahd Khatri,4179
Amzer,2295
DONE BY NONE,1457
Joe Snyder,3253
F Factor By Pantaloons,4521
Rocky,2832
Rham,2577
Jacques Passion,4465
Shalini Arts,1740
Panache,3103
Alpine,2204
Topps,2109
Jimi Hendrix,155
Zoya,1471
LEIULO,2387
Manish Creations,3166
Ogio,500
Nokia,1686
Shree,629
Giani Bernard,3363
Vegas,3578
Triveni Sarees,1402
Adorabelle,2658
Fruit Of The Loom,675
The Amazing Spiderman,2763
Global Desi,63
Priyal Artz,2394
Beer Soap Company USA,1811
Monteil & Munero,1617
Pinnacle - Shruti Sancheti,3138
Chumbak,2789
Allen Solly,9
Harleez,216
Funky Town,3209
Amari West,3953
Oviya,2128
Ramdev Sarees,2336
Optima,477
Ben Lee,804
Betty,2782
Wave Walk,2757
Fred Hayman,337
Oclock,1639
Tulsattva,2219
Riot Jeans,4367
Follow Me,3285
Archie,2429
Kiss Kriss,3155
B Bitch,2137
Neeta Lulla,143
Orewa,3655
Mectech,2708
Urban Religion,3781
Rocia,108
Thomas Scott,2779
Tomato,568
ARYA FASHION,1769
Suenos,708
Esca,1702
Esbeda,1506
Femme,1713
Mahi,3157
PLAY-DOH,1250
H By Hudson,756
Nyassa,1430
Cairon,2198
Girl Only,2867
Toscee,3963
Weaves,512
Guess,64
Lubaba,3901
The Yellow Door,1814
Varenya,2977
Pink Ribbons,2216
Pink 18,2727
Bindhani,2810
Ira Soleil,1240
Joyyou by oLO,2554
Michael Jordan,342
Gopeeka,3214
Antonio Puig,375
Fuchsia Designs,2869
Colors In Accent,3111
Hanes,290
Rebecca,4025
FLUX,1774
Opal,2011
Adidas,4
Eurolux,1720
KBSH,1316
eZeeBags,3358
Astonia,1359
Chugginton,1899
Bella Rosa,3909
Loony Tones,4415
Studio West,4319
Sparshh,3805
TMNT,3278
Femenino,3857
Aoking,1534
Rider Republic,4413
Bridal,2989
Leffet,1616
Nabaiji,267
TAIGA,2673
Silverswan,1653
Animale,383
Lamaze,1898
Yumi,737
Mosmann,3328
Miyo,3488
Yo! Jelo!,4533
Looks,2955
Allen Solly Junior,272
ESTD.1977,2097
Aabroo,3
New Feel,541
Spalding,114
Masaba By Vishal,2852
Yackfou,710
TVAM,1551
US Gear,2057
Saint Pure Spa USA,1486
Club Sport,2024
GJ Baby,1054
Borosil,912
Naughty Ninos,4427
Wonder Woman,476
St. Cloud,3927
Fudron by oLO,2553
Dvine,3010
Muelhens,419
Remington,1596
ACNAH,2567
Chanze,2293
Wild Woman,1833
Blue Fire,803
levis,82
Poe,3269
Skullcandy,719
Apple Bottoms,809
Comedy Central,3757
Design WE,620
Secret 18,3082
Vishal,2532
West Port,1463
Tie Rack,192
COPPERSTONE,1286
Spacewood,1451
Marc O'Polo,759
Sampada Ethnic,3825
Albion,2559
NO CODE,2056
Sprint,3341
Biotique,890
Stag,253
Nisa Pearls,1895
Madagascar,1216
Yas,2613
Timsy & Siddhartha,3421
Angel Glitter,2772
Tanya Sharma,2907
Yellow Apple,3837
Scottish,2777
Cerise,3281
Hot Muggs,1960
Dermawear,2180
Mayra,2589
The elephant company,2539
Bhootsavaar,3420
Rinku Sobti,3579
Ethnic Dukaan,2682
Nutriglow,2546
Woka,3500
Wintage,3556
Chhabra Xclusive,1293
Sweet Dreams,2489
Style By Prafful,1137
Ed Hardy,43
Sleep,2317
Polo Class,3595
Sleek,113
Music,515
Aerolite,2346
Wingsfield Kids,3727
Aawwww,3841
Eske,3059
ETI Italy,2051
Uzazi,491
BARBASOL,785
V-Prefer,2718
Kwacha,3687
Lesley,3085
V Dot,129
Dezine Cults,1696
Joker,691
Natural Indulgence,2550
AB'S Closet,2337
Ozone Ayurvedics,3293
Marquee By Veromoda,3685
Gillette Proglide,3719
Remy Laure,1468
Intu,983
Coolers,673
Stylenmart,3476
Spy Gear,2466
Haemmer,3067
Kingcom,2881
Dezignare,3827
Kuja Paris,2403
Asterix,1758
Sleepwell,1967
Bata Industrials,3263
Marc,776
Shrek,1991
Swarovski,2491
Combodeal,3453
Sterling,1645
Jacques Farel,2889
Power Ranger,2566
Yuvi,3347
FUNSKOOL,1249
Paani Puri,2905
Little Kangaroos,422
LITTLE MISS,994
Preggear,2297
Step,2207
C.O. Bigelow,3387
Nitya Bajaj,4221
oLO COLLECTION,2862
Okane,3542
VINENZIA,3044
Admyrin,3371
Edc By Esprit,868
Loqi,1650
Lgaa,2751
Numero Uno,94
Zaffare,1885
Navvyya,1391
Mahotsav,2277
Betty Barclay,581
Kshitij,291
Aum Kids,4181
Pipa Bella,3369
Torino,2579
Elespry,4037
Mafatlal,2028
Faber Castell,2182
Seven Seconds,621
Papple,2840
Orangetree,1381
Mr. Men Little Miss,479
Maxima,195
Little Marco,1862
Paco Rabanne,417
Thierry Mugler,1098
Brut,2912
Bata,1305
Monte Michelin,3362
Seiko,1199
Ralph Lauren,427
Enroute,47
362436,3406
Swagger By Saj,3427
Hornit,2189
Fire & Ice,2785
Mr. Bean,198
Meo Home Craft,3601
India Circus,1712
Original & Extreme Deodorant Combo Pack,1345
Regal,106
Inddus,3101
Ulric De Varens,401
Herbal Essences,1027
New Look,3499
Issey Miyake,391
Newport,2090
Utsukushii,3003
Vengaboys,2179
Klaus Kobec,531
Bharat Plaza,1377
Plums And Peaches,2958
Caron,3549
Ratnakar The art of jewellery,1624
Vizzari,1454
Fizik,3367
Amelie,3080
Dark Knight,148
Bacca Bucci,2978
Vialis,769
Ganuchi,59
Rotary,3211
Silver Streak Junior,4081
Deo Combo Pack,1339
Giorgio Armani,1086
Rohit Bal For Jabong,3208
Cation,3393
We Witches,3183
Alessia,1302
Ayaany,523
Princess Flutterby,1108
Illuminations,561
Laurels Original,3283
Try Me,2103
Hi Look,1626
Fiesta,3669
Nilkamal,2625
Tortoise,1041
Suxus,3327
FS Mini Klub,2937
Schiffhauer,831
IMC,1071
Desi Drama Queen,2915
Horsefly,570
Rollerblade,1310
Larissa,1519
Madden Girl,4393
The Simpsons,1841
Bagsy Malone,2783
Striipe,875
Portia,978
Red Russel,4299
Nino Bambino,2619
Foschini,1123
DaSuccesso,1994
Wills Sport,135
Love,3377
Crimsouneclub,3835
Faconnable,1089
E.Bear,2991
Dressvilla,3581
North Shore,881
I AM FOR YOU,1004
Raymond,1462
LA BRIZA,1832
Nautica,397
Windsor,671
A&C Signature,4473
Rein Lifestyles,1455
Kidstudio,680
Warner,1062
Cartier,378
Nidhi Munim,3470
Sheaffer,1881
America,2983
Trishaa By Pantaloons,4235
Porsche,416
Sisley,1192
Saeko,1691
Red Lorry,2096
The Nature's Co,922
Sattvik Organics,1681
Macadamia,2972
AMSWAN by American Swan,3390
Simba,683
Wineberry,3108
Cosco,225
Genesis,61
ZOOM,1408
Trucum Collection,2861
Original Source,2112
Ocean Pacific,414
RAK,904
Original,1226
LOTUS BAWA,2400
FUN TOYS,2672
Raymond Home,3094
Nintendo,1390
Pepper,97
Phosphorus Rugby Collection,1282
Silver Shinings,2240
Bliss,2976
Alluxe,2275
Passion Star,3787
Kason,308
Homme,153
0 Degree,4049
Amydus,3633
Touchstone,123
Scandale,1753
Shree Shubh Ethnic,4287
Skipper,1246
Zirh International,402
Dandy,1909
La Isla,4009
Sand Dunes,2160
Quittance,1570
Sassoon,2809
Kenzo,377
Waltz,2618
Kalpaveda,4357
Exclusive Trends,1020
RCR,1398
Pharma Line,3463
united color of benetton,573
Macro Moda,2484
Inliving,1730
Hangover,3398
A By Arden,3372
Miller & Schweizer,1802
Saturator,1052
URTHN,1793
Pacific Gold,2855
Newray,1018
Satyapaul,3045
Effit,3197
Mustang Bodywear,703
Le Coq Sportif,871
Just Herbs,939
Aesthetical Cubes,4191
Via Uno,767
Wild Ferns,1795
DOVE,837
Stri,2163
Miss Alibi,4333
Majorette,1061
Color Kathaa,2871
Catmoss,197
She Pic,466
Nurturing Green,2347
Topdeal,2321
Bad Boys,1906
Aptura,2366
Everlast,619
Flickz,603
RASASI,1126
Power,1323
Blowfish,618
ITI,1826
Boucheron,1977
Hrm,2272
Umbro,3165
Smoby,1059
The Body Shop,1520
O3plus,3465
Savile Row,1706
Siyora,3889
AlfaBravo,2454
Go Fab,4169
Halston,412
Bon Organik,2500
Megadeth,283
Grasshopr,2842
Adolfo Dominguez,1085
GoGirl,2033
Happy Hippie,2632
Goodiebag,2092
Blue Button,2542
Blue Duck,2214
Touch Beauty,3392
Svarikaa,3148
Indian Touch,760
Toes,1115
American Crew,2998
Gloss Italy,3613
Navvya,3184
Pick Pocket,3141
Purple Turtle,2268
Cantabil,3572
Umbra,685
Juniors,3153
Younger,2814
B&c,677
Jajv,2985
Gardenia,757
Revlon Professional,2969
Rolling Stone,159
Ycode,1580
Rica,2036
Radico Colour Me Organic,2752
Lilliput,83
Montagne Jeunesse,938
John Miller,1196
Leecooper Junior,3368
Bareskin,4063
MIST,964
Mahi Jewellery,3152
Pab Jules,3340
Sole Fry,2066
Aakshi,2724
Ruhaan's,3040
The Body Care,1082
Abhi Singh,4045
Prestitia,2029
Bling,2452
Sports 52 Wear,4399
Seven Rays,2331
Tarama,2820
Euphoria,1303
20dresses,4171
Raaga,1173
Ride & On Fire Deodorant Combo Pack,1343
3 Mad Chicks,1561
French Factor,3811
man u,1206
Roberto Vizzari,1985
Liverpool Football Club,3991
Mineez,1939
Image,1077
CaptainKYSO,3215
Bill Blass,363
Reeny,2833
President,3252
Studio Shubham,3689
Ambaji,4447
Sepia,1182
Ziama,1804
La Plazeite,3597
Earthen Me,1719
Hermoso Espana,3175
Fashion n Fabrics,473
Kanelle,1150
Axum,2653
Mother Earth,296
Nine West,92
SURILY GOEL FOR BRIJRAJ,1142
A V International,1642
Escort,2279
Ride,1233
Mtv Muah By Blue Heaven,3294
Zeeshaan,2845
Walk N Style,3053
Elizabeth Arden,315
Talk Of The Town,1685
Amari,3897
Sunta,1015
West Rock,3039
Fundoo Bundoo,3923
Rigo,3112
Killer Loop,1274
Camelbak,2158
gear4,1715
Borse,1535
Fornarina,758
Carpet Couture,518
Sanfrissco,2106
Sangria,1038
Vibrant India,2082
Kiara Jewellery,2243
Homeblendz,563
Garden Silks,997
Mumbai City Fc,3761
Truchef,2544
EK DO DHAI,2712
WILD FERNS NEW ZEALAND,1835
Auman Tare,4039
Grand Step Shoes,771
Burberry,364
Jonny'S,761
Waterman,2015
Tanglen Teezer,3365
Zyne,528
Frank,1031
Arcuisine,905
Menzone,979
Yell,1285
Svida,4305
Dazzgear,3161
Gianni Venturi,1807
Ekta,2465
Parvati,1557
Big Star,609
Alfred Sung,333
Dirt Showdown,1934
Atrose,3965
Soleus,3019
Monopoli,2241
Steve Madden,2446
Aveeno,4395
Nell,1717
Tomica,1897
Tong,3815
Finesse,2537
Spygear,1956
Laven,2956
Lonsdale,239
Roxxii,2650
Happy Hours,3765
VLCC,925
Senterlan,3250
Samanta,724
SKLZ,1854
Palette,3351
Alx New York,2292
Adwitiya Collection,3699
Silver Strings,2778
PARCHAYEE,3769
Treadmill,2405
Tattoo Goo,3203
Burton,3440
Rizir,3210
Urban life,2971
FFC New York,2850
Gili,526
VICHY,747
Fashion Stylus,3444
Jheel,3907
Urbana,1207
Treasure Hunt,931
Satya,4467
Miss Chase,2622
Fabio Leonardi,3504
Urbane,2795
Shuz Touch,4405
Little Heart,2571
Valeska,3119
APL,953
Ginnie,2892
Gupta Textiles,265
Lavie,77
Resham Dhaga,2488
Dockers,715
TRU VINO,1907
World Player,137
Carlton London,27
Jovees,860
Funkytown,3376
Eagle,3551
Landscape,3247
Baby League,2121
Gini & Jony Palm Tree,270
JCB,462
RSL,1147
Aesha,1542
Bazel,1868
Nutts,2723
Scoop Street,181
Fashion205,3853
Vinenizia,2790
Green Day,4441
Paakhi,2379
AMI-Victor,1847
Wills,843
Silk India,1431
Truhome,1330
Garfield,1013
Bo'bell,3173
Dolce Vita,549
mr men little,1896
Only Play,2797
WOLY,1169
Woodland,136
Raven + Rose,3162
Caprese,1635
AOMI,2598
Mothercare,273
Bboy,2939
Prafful,1133
SG Collection,4091
BABY ALIVE,1256
Viva Aroma,2133
Revlon,320
Life Stride,548
Theo&Ash,3943
Antonio Bandares,2233
United Fun,1808
SCHOLL,1326
Roklite,2952
RUH,1380
Dr. Scholl,42
Ice,2255
NEUTROGENA,855
Assasins Creed,3585
Bhoomi,1987
Miniklub,2927
Bizzare,2707
Luxor,2016
Puro By Charmor,830
VRINDA,1754
Kanshi,1748
K&U,2597
SPARX,1782
Furniturekraft,2251
Ajile Kids By Pantaloons,4489
Fiorella,1739
Juniper,2105
Tred Flex,2383
ADIRA,851
Latitude,472
Fiorelli,1170
VAUNT,2013
Metal,4511
Tease,203
Style Quotient,1174
Butterflies,903
Bodycare,2761
Donic,746
Modern,3274
Jack N Jones,2084
Hurley,727
atisundar,1623
Le Bison,4071
Gliders,663
Yogesh Chaudhary for Stylista,2933
Excalibur,2089
Marc Socks,2781
Pique Republic,3034
Krrish,2324
Solovoga,154
Clifton,484
Entropy Sarees,1846
Ruggers Gear,2392
Pigeon,1175
Shopping Oye,3771
Advika,4529
Springwel,3450
G-Star RAW,3789
AVM,1694
Leaf Jewel,1709
Hues,3388
Imara,4461
Gitanjali,1619
Heads Up For Tails,1749
Jinaam,3571
R TISAN,1783
Action,753
Asepta,1412
Galicha,2427
Peach,467
Forca,787
North Star,1324
Cartoon Network,2285
Colorplus,35
Liberty,846
AMANTE,946
Rema Kumar,564
D & Y,1383
Bombay High Sports,4099
Girigauri,1727
CITIZEN,1021
Slub,3875
Gamini,3171
Aurave,3196
Andis,2053
Neva,3935
Adriana & Gabriella,3494
Chris Adams,1648
Cherymoya,3522
Time Wear,3287
Mini Cupcake,3381
Code 61,3092
Hugo,636
Keona,1269
MB Collection,2095
Wasabi,832
Silver Streak,3567
Aqua Sand,1929
Maybelline,519
Lancer,3186
Sons Of JPN,3665
Cristal D'Arques,923
Neels,3181
Neeli,3106
Calvin Klein,322
Geologic,230
Callmate,2330
Givo,2573
Dico Copenhagen,779
Monomer,2406
Oilcraft Naturals,2975
La Arista,3417
Gummy Bear,2722
Corioliss,2052
Suhi,2289
Banana Republic,409
Helios Regal,3237
D & S,3383
Tops And Tunics,2010
Alessio69,2514
Converse,36
Next,1988
Claesen's,2798
APAACHE,2359
Undercover,1591
D & G,2693
Iron Man,3009
DSQUARED2,1978
Chitwan Mohan,3819
Dirty Laundry,1539
Metco,1853
Vanilla Moon,204
Megha Garg,3503
Flying Colors,2914
Babolat,2247
CARPE DIEM,2643
Parfums Jacques Evard,405
Unlisted,439
Trendy Girls,4213
Hulk,986
Raga,1703
CANVAX,1780
4You,501
Peacot,3332
Air Show,2125
O.K.,1008
Allexue,2248
Zuddha,1039
Prozone,2376
us polo,126
All Good Scents,4349
Benera,2143
Plumeria,1190
Lucera,525
Remanika,1315
Seven Seas,1883
Donnay,226
27Ashwood,3325
Surkana,734
Stybuzz,4085
AWKENOX,1284
Yedoo,2157
Niharika Pandey,4219
Laopala,944
ILINA,1760
Calvino,25
Servewell,943
Rasaa,1677
Utsokt,128
Fos Lighting,2263
Tamaris,764
Candies,4245
Keds,766
KLEOS,1785
Red Country,4463
Chalk By Pantaloons,4485
Mbym,801
ADIDAS GOLF,2522
Deborah,665
u.s. polo,126
LD Active,3071
Caprina Fresh Goat'S Milk Canada,3621
Sangini,1515
Riya,2223
AM:PM,3483
Vogue tree,4365
John Morris,4273
Canary London,2893
Lyla,2501
Lemon/Pepper,940
K22,1777
Sunshine,2299
Softkids,2705
Marilyn Monroe,4417
MUA Makeup Academy London,3356
Groovytexx,1244
Ozel,1525
Ruhmet,4105
109F,1278
Peek A Boozoo,2215
Hirsch,814
Big Wasp by oLO,2551
Maple,3723
Blac Label,697
Blumerq,3049
Adour,298
Police,949
Leafcutter,2891
L'Elegantae,2639
Footin,1578
Rab,2155
Beckham,400
Babyliss,1592
Bright Fashion,3438
Minnie,4269
My Foot,465
Boss Orange,2556
Valencia,555
Newhide,2197
Ebano,3093
jack and jones,696
assn. polo,126
109F,1278
109 F,1278
Rain and Rainbow,2156
FC Barcelona,4892
topshop,5201
top shop,5201
topman,5207
top man,5207
blackberrys,5114
blackberry,5114
Uni Style Image,5094
USI,5094
UNI,5094 
Uni Style,5094
Con 11,5094
RedTape,104	
