4606,Women
4607,Women
4608,Kids
4609,Men
3873,Women
4600,Women
3874,Men
4601,Women
4602,Women
4603,Women
4604,Women
4605,Women
4611,Women
4613,Men
4507,Women
4508,Women
4509,Women
4621,Women
4500,Men
4501,Men
4623,Women
4502,Men
4503,Men
4625,Women
4504,Men
4505,Men
4506,Women
4627,Women
4520,Women
4518,Women
4519,Women
4510,Women
4511,Women
4512,Women
4513,Women
4514,Women
4516,Women
4517,Women
4530,Kids
4410,Women
4531,Kids
4408,Women
4529,Kids
4409,Women
4521,Kids
4522,Kids
4523,Kids
4645,Women
4524,Kids
4404,Kids
4525,Kids
4526,Kids
4527,Kids
4407,Women,Men,Kids
4528,Kids
4540,Kids
4541,Kids
4542,Kids
4411,Women
4532,Kids
4412,Women
4533,Kids
4413,Women
4534,Kids
4414,Women
4535,Kids
4415,Women
4536,Kids
4416,Women
4537,Kids
4417,Women
4538,Kids
4418,Women
4539,Kids
4550,Women
4430,Women
4551,Women
4431,Women
4552,Women
4432,Women
4553,Women
3101,Women
3100,Women
4422,Women
4543,Kids
4423,Women
4544,Women
4424,Women
4545,Women
4425,Women
4546,Women
4426,Women
4547,Women
4548,Women
4428,Women
4549,Women
4429,Women
4560,Women
4561,Women
4440,Men
4562,Women
4441,Men
4563,Women
4442,Men
4564,Women
4443,Men
3112,Men
3111,Men
3110,Men
3109,Women
3108,Women
3107,Women
3106,Women
3105,Women
3104,Women
3103,Women
3102,Women
4433,Women
4554,Women
4555,Women
4434,Men
4556,Women
4435,Men
4557,Women
4436,Men
4558,Women
4437,Men
4559,Women,Men,Kids
4438,Men
4439,Men
4570,Women
4571,Women
4450,Kids
4330,Women
4572,Women
4451,Kids
4331,Women
4573,Women
4210,Kids
4452,Kids
4332,Women
4574,Women
4453,Kids
4333,Women
4575,Women
4454,Kids
3123,Men
3122,Men
3121,Men
3120,Men
3119,Men
3118,Men
3117,Men
3116,Men
3115,Men
3114,Men
3113,Men
4565,Women
4444,Men
4202,Kids
4566,Women
4445,Men
4203,Kids
4567,Women
4446,Men
4204,Kids
4326,Women,Men,Kids
4568,Women
4205,Kids
4447,Kids
4327,Women
4569,Women
4206,Kids
4448,Kids
4328,Men
4207,Kids
4449,Kids
4329,Women
4208,Kids
4209,Kids
4580,Women
4581,Women
4582,Women
4340,Men
4583,Women
4341,Men
4462,Men
4584,Women
4463,Men
4342,Kids
4585,Women
4464,Men
4586,Women
4465,Men
3134,Men
3133,Men
3132,Men
3131,Men
3130,Men
3129,Men
3128,Men
3127,Men
3126,Men
3125,Men
3124,Men
4334,Women
4576,Women
4455,Kids
4335,Women
4456,Women,Men,Kids
4577,Women
4336,Women
4578,Women
4579,Women
4337,Men
4338,Men
4218,Women
4339,Men
4590,Women
4591,Women
4470,Men
4592,Women
4471,Men
4472,Women,Men,Kids
4593,Women
4594,Women
4473,Men
4595,Women
4474,Men
4596,Women
4355,Women,Men,Kids
4597,Women
4476,Men
3143,Men
3022,Kids
3142,Men
3141,Men
3140,Men
3139,Men
3138,Men
3137,Men
3136,Men
3135,Men
4587,Women
4466,Men
4588,Women
4467,Men
4589,Women
4468,Men
4469,Men
4228,Kids
4480,Men
4360,Women
4481,Men
4361,Women
4482,Men
4362,Women
4483,Men
4363,Women
4484,Men
4364,Women
4485,Men
4365,Women
4486,Men
4366,Men
4487,Men
3035,Women
3034,Women
3033,Women
3032,Women
3031,Women
3030,Women,Men,Kids
4356,Women
4598,Women
4477,Men
4599,Women
4357,Men
4478,Men
4358,Women
4479,Men
4359,Women
4370,Men
4491,Men
4371,Men
4492,Men
4372,Men
4493,Men
4373,Men
4494,Men
4495,Men
4374,Kids
4496,Men
4375,Kids
4497,Men
4376,Kids
4498,Men
4377,Kids
3046,Women
3045,Women
3044,Women
3043,Women
3042,Women
3041,Women
3040,Women
4490,Men
3039,Women
3038,Women
3037,Women
3036,Women
4367,Men
4488,Men
4368,Men
4489,Men
4369,Men
4387,Kids
4388,Kids
3057,Women
3056,Women
3055,Women
3054,Women
3053,Women
3052,Women
3051,Women
3050,Women
3049,Women
3048,Women
3047,Women
4499,Men
4378,Kids
3060,Women
4392,Kids
4393,Kids
3068,Women
3067,Women
3066,Women
3065,Women
3064,Women
3063,Women
3062,Women
4390,Kids
3061,Women
4391,Kids
3059,Women
3058,Women
4389,Kids
3071,Women
3070,Women
3079,Women
3078,Women
3077,Women
3076,Women
3075,Women
3074,Women
3073,Women
3072,Women
3069,Women
3082,Women
3081,Women
3080,Women
3089,Women
3088,Women
3087,Women
3086,Women
3085,Women
3084,Women
3083,Women
3093,Women
3092,Women
3091,Women
3090,Women
3099,Women
3098,Women
3097,Women
3096,Women
3095,Women
3094,Women
4074,Women
4075,Men
2954,Kids
2711,Kids
2991,Kids
2988,Kids
3831,Men
3832,Men
2989,Kids
2997,Kids
2995,Kids
2994,Kids
2993,Kids
2992,Kids
