Floaters,4470,4520,3022
Girls Clothing,4533
Dolls & Doll Houses,4203
Make-Up,3036
Loungewear,4625
Peeptoes,4513
Jeans & Trousers,4526,4538
Mattress & Pillow Protector,4651
Hair Removal,3093
Sleepwear,4495,4623
Lip Pencil,3041
Dresses & Jumpsuits,4545
Plus Sizes,4557
Shoes,4456
Duvet Covers,4154
Eye,3044
Nail Enamel,3054
Camisoles,4585
Loafers,4512,4228
Shorts,4575,3233
Hair Packs,3129,3099
Sling Bags,4330
Precious Jewellery,4442,4422
Wallet, Purses & Potlis,4331
Sweatshirts & Hoodies,4488
Belly Shoes,4510
Clothing Accessories,4486,4559
Peep Toes,4387
Ethnic & Party Wear,4528
Anklets,4454
Footballs,3194
Cleansers,3079
Shoe Accessories,4471
Bed Linen,4149
Lips,3037
Kids Bags,4342
Bump Band,4627
Heels,4509
Blankets & Quilts,4152
Carpets, Rugs & Mats,4185
Swimwear,3231
Cushions & Cushion Covers,4157
Lip Pallete,3042
Women Jewellery,4408
Hair Equipment,3102,3134
Eye Palette,4218
Skirts,4576
Pillow & Pillow Covers,4155
Caps & Hats,4501
Face,3058
Panties,4584
Trousers & Jeans,4550
Pendants & Lockets,4440
Eye Shadow,3047
Rings & Bands,4443,4411,4424,4438
Curtains & Sheers,4158
Brooches,4417
Wedges,4511
Winter Jackets,4595
Dresses,4560
Whitening and Fairness,3074
Home Decor,4165
Boots,2997,4467,4514
Sun Care and Anti-Tan,3075
Swimming Caps,3210
Tunics,4547
Underwear,4493
Kids Jewellery,4447
Bedding Sets,4153
Laundry Baskets,4161
Clothing Accessories & Innerwear,4524,4536
Sweaters,4593,4487
Hair Oil,3127,3097
Foot Care,3109,3143
Nail Treatment,3057
Nails,3053
Football Gloves,3196
Winter Kurtas,4596,4567
Handkerchiefs,4502
Skin Care,3070,3136
Sweatshirts,4594
Bar Accessories,4114
Shorts & 3/4ths,4483,4531
Bangles & Bracelets,4452,4413,4426
Perfumes and EDTs,3033
Skin Treatment Products,3140,3073
Kajal,3045
t shirts,4562,4563,3224,4542,4532
Men Bags,4328
Necklaces & Necklace Sets,4412,4425
Wallets,4338
Swimming,3209
Messenger & Sling Bags,4339
Women Clothing,4544
Sarees,4569
Shorts & Capris,4543
Bar Tools,4115
Clothing,4472
Diwan Sets & Bolsters,4156
Make-Up Base,3066
Kids Beauty,4388
Towels & Robes,4163
Gift Sets,3114,3035,4390
Denim Shirts,4497
Skin Care Kits,3141,3085
Formal Shirts,4505
Maternity Wear,4558
Men Beauty,3110
Bras,4583
Make-Up Kit,3067
Deodorants and Colognes,3113,3034
Bottoms & Dupatta Sets,4581
Denim Jackets,4498
Pens,4372,4365
Beauty,3030
Anti-Aging,3076
Tech Accessories,4371,4364
Tops & T-shirts,4542
After Shave,3117
Rain Wear,4504
Casual Shoes,4463
Eye Glasses,4370,4363
Make-Up Brushes and Accessories,3069
Tennis Accessories,3192
Learning & Activity Toys,4207
Travel Bags,4341,4336
Basketball,3198
Sarees & Dress Material,4549
Sports Shoes,4608,4465,4516
Home & Furniture,4265
Skin Care Solutions,3078
Basketballs,3882
Kids Accessories,4374
Women Shoes,4506
Face Wash,3071,3137
Formal Trousers,4480
Tees,4563
Lingerie Sets,4588
Beachwear,4590
Cricket Sets,3921
Salwars & Churidars,4580,4553
Lip Gloss,3039
Lingerie & Nightwear,4554
Hair Care,3124,3094
Shampoo,3125,3095
Jeans,4496,4573
Traditional Jewellery,4418
Compact Powder,3059
Sandals,4508,2989
Football,3193
pull over,4593,4487
Table & Kitchen Linen,4406
Toners,3080
Lip Care,3107
Slippers,2991
Jackets,4489
Men Clothing,4473
Jewellery,4407
Track Wear,4482,4611
Bedsheets,4150
Flip Flops,4519,2993,4469
Primer,3063
Tops, Tees & Shirts,4600,4546,4604
Cricket Gloves,3917
Bath,4159
Lipstick,3038
Bellies,2994
Denims,4478
Scrubs,3138,3072
Watch & Sunglass Cases,4361,4368
Cricket,3177
Dresses & Tunics,4601,4605
Formal Shoes,2995,4464
Brushes and Combs,3104,3135
Hair Gel and Cream,3133
Make-Up Brush,3052
Eyebrow Pencil,3051
Capris, Shorts & Skirts,4551
Boys Clothing,4522
Ethnic Jackets,4568
Kids Shoes,2988
Earrings,4410,4423,4437
Casual Trousers,4479
Windcheaters,4490
Sneakers,4518,2992,4466
Fashion Jewellery,4409,4435
Masks and Peels,3077
Candles and Candle Stands,4176
Men Jewellery,4434
Sunglasses,4366,4377,4358
Blush,3065
Sports Wear,3223
Kurtas & Suit Sets,4548
Bath and Body,3115,3086
Massage Cream and Oils,3083
Trackwear & Nightwear,4529,4541
Backpacks,4333,4337,4404
Hair Styling,3100,3130
Jeggings,4579
Hair Treatment Products,3103
Lingerie accessories,4645
Accessories and Kits,3092,3123
Loose Powder,3064
Shower Curtains,4162
Shapewear,4587
Trackpants,4574
Face Highlighter,3062
Leggings & Jeggings,4552
Hair Color,3128,3098
Ties & Cufflinks,4499
Hand Sanitizers,4074,4075
Eye Care,3106
Women Bags,4327
Men Accessories,4357
Foot Cream,3142
Winter Wear,4477,4556,4525,4537
Men Shoes,4462
Day Cream,3081
Shower Gel,3088,3121
Bikinis,3234
Trousers,4572
Mangalsutras,4415,4429
Anklets & Toe Rings,4416
Baby Essentials,4523,4534
Nail Top and Base Coat,3055
Body Oil and Lotion,3090
Hand Bags,4329
Belts,4362,4369
Winter Accessories,4492,4599
Dress Material,4570
Nosepins,4432
Dungarees & Jumpsuits,4561
Hair Accessories,4360
Suits & Blazers,4485
Conditioner,3126,3096
Mascara,3050
Sprays,3101,3131
Bath Mats,4160
Electric Shavers and Trimmers,3119
Soap,3087,3120
Inner Wear & Sleepwear,4481
Furnishing,4148
Kitchen & Dining,4110
Sleep & Loungewear,4621
Lip Liner,3040
Bracelets,4439
Shaving,3116
Bags,4326
Kurtas & Kurtis,4565
Dresses & Skirts,4535
Night Cream,3082
Nightwear,4586
Twin Sets & Dungarees,4527
Sports,3175
Concealer and Corrector,3060
Dupattas,4582
Shopping Bags & Totes,4334
Skin Serums,3084
Women Beauty,3031
Perfumes and EDT's,3112
Trousers Leggings & others,4606,4602
Bath Salt and Soak,3091,3122
Fitness Bands,4503
Laptop Bags & Sleeves,4340,4335
Casual Shirts,4476
Eye Liner,3046
Twin Sets & Jumpsuits,4539
Leggings,4578
Bed Covers & Runners,4151
Watches,4375,4367,4359
Chains,4441
Socks,4500
Capris,4577
Shaving Gel and Cream,3118
Home Fragrances,4175
Sandals & Slippers,4468
Moisturizers,3139
Accessories,4355
Stilettos,4517
Make-Up Remover,3068
Kids Toys,2954
Pendants & Pendant Sets,4414,4428
Nail and Hand Care,3108
Highlighter,3049
Suit Sets,4566
Tennis,3188
Thermals,4491,4597
Women Accessories,4356
Vests,4494
Lehengas,4571
Summer Jackets,4592
Sports Accessories,4609
Bath Accessories,4164
Polos & Tees,4474
Fragrances,4389,3111,3032
Ethnic Wear,4484,4540
Lip Brush,3043
Kids Clothing,4521
Shrugs,4591,4598
Flats,4507
Tops,4562
Clutches,4332
Sports Equipment,3176
T-Shirts & Polos,4532
Saree Blouses,4652
Capris Shorts,4551
