Briefs & Boxers,718
Hoops,601
Choker Sets,612
Curtains,287
Cricket Shoes,633
Bath Robes,295
Table Linen,595
Waistcoats,660
Coloured Pants,787
Gloves,701
Loafers,625
Round Frames,472
Maang Tika,619
Necklace Sets,606
Shorts,658
t-shirts,740
Thermal Tops,689
Comfort Fit,776
Corduroy Trousers,652
Ties,488
Bath Towels,292
Trackwear,735
Rain Jackets,679
Suitcases,546
Leather Jackets,676
Suits,661
Square Frames,475
Nightwear Sets,591
Jhumkis,610
Anklets,615
Double Bedding Sets,281
Seamless,594
Night Suits,682
Oval Frames,471
Scarves,703
Crop Tops,557
Tunic Sets,756
High Neck T-Shirts,705
Bodycon Dresses,503
Polos,741
Mandarin T-Shirts,648
Swimwear,761
Briefs,694
Pyjamas,643
Kada,614
Party Shirts,738
Toiletry Kits,464
Single Bedding Sets,280
Skirts,747
Caps & Hats,767
Danglers & Drops,605
Dungarees & Dungaree Sets,727
Kurta Salwar Set,853
Panties,815
Briefcases,461
Bermudas & 3/4ths,739
Indoor Sports Shoes,635
Bow Ties,693
Doormats,394
Bomber Jackets,674
Round Neck T-Shirts,645
Kurta Dupatta Set,857
Hoodies,813
Kaftan,573
Tights,668
Capri set,829
Wayfarers,470
Ball pens,484
Travel Accessories,463
Sleeves,458
Tulip,797
Sweatshirts,687
Caps, Gloves & Mufflers,724
Anarkali,563
Trunks,695
Peplum Dresses,543
Party Dresses & Frocks,746
Full Length Sets,730
Toe Rings,616
t shirts,740
Boat Shoes,626
Rings,599
Potlis,447
Analog & Digital Watches,479
Casual Tops,762
Moulded Bra,586
Sarees,779
V Neck,560
Chokers,613
Round Neck Vests,700
Moccasins,624
Rugs,297
Carpets,296
Aviators,468
Basketball Shoes,632
Kurta Patiala Set,801
Capri,825
Badminton Shoes,634
Pillow Covers,552
Polo T-Shirts,644
Tie Cufflink Combos,692
Maxi Dresses,504
Henley T-Shirts,647
Value Packs,765
Bodysuits, Zablas & Pyjamas,716
Fitted blazers,772
Laces,777
Kurta,561
Sporty Sneakers,714
Tennis Shoes,630
Armlets,618
Demi Cup Bra,585
squash shoes,634,635
Kurti,562
Chair Pads,622
Basic Bra,579
Analog Watches,476
Sports Bra,582
Football Shoes,631
Round Neck Sweaters,684
Watch Cases,480
Digital Watches,623
Pillows,551
Skinny Fit,711
Kurtas,653
Pendants,598
3/4th Sets,729
Candles,318
Cushion Covers,642
Night Dress & Nighties,799
Jeans,725
Kitchen Linen,596
Panties & Bloomers,748
Hipster,593
Track Jackets,667
Slim Fit,712
Tea Light Holders,393
Support Bra,581
Wine Bottle Holders,360
Kinesiology Tape,835
Churidar,811
Jackets,770
Cargo Pants,785
Tank Tops,555
Blankets,275
Towel Packs,294
Bed Covers,273
Halter Bra,572
Lifestyle Shoes,627
Sarong,575
Lockets,621
Shift Dresses,501
Boys Combo Sets,731
Babydolls,592
Ethnic Jackets,656
T-Shirts,740
Caps,669
Tube Tops,554
Casual Dresses & Frocks,745
Casual Jackets,678
Party Tops,763
V Neck T-Shirts,646
Duffle Bags,496
Duvets,279
Long coats,771
Boxers,696
Shorts Sets,728
Wristbands,672
Pantyhose,847
Floor Mats,298
Jeggings,751
Sweaters & Cardigans,722
Suspenders,851
Rectangle Frames,469
Shorts set,831
Robe,819
Salwar,809
Strolleys,466
Jackets & Coats,721
Hand Towels,291
Off Shoulder Dresses,508
Skirt Sets,754
Duffle Trolleys,459
scarves & Stoles,769
Comforters,277
Cocktail Rings,611
Casual Sneakers,715
Round Neck,558
Boyshorts,571
T-Shirt Bra,578
Suitings & Shirtings,833
Blouses,553
Boys Value Packs,742
Studs,602
Pencil,795
Waist Belts,617
Strings,609
Head Phones,482
Bikinis,704
Trousers,726
Girls Combo Sets,757
Bands,600
Corduroy Jackets,677
Doll Accessories,5
Mobile Covers & Cases,483
Laptop Bags,457
Hats,670
Purses,446
Jumpsuits & Dungarees,753
Wrap Around Frames,473
Kurta Pyjamas,655
Thermal Sets,691
Sweat Jackets,688
Dhotis,657
Cardigans,686
Polo Neck,559
Blazers & Suit Sets,734
Capri Sets,755
Bolsters,285
Sheer & String Curtains,548
Churidar Kameez Dupatta,807
Bracelets,604
Multiway Bra,587
Chronograph Watch,477
Balconette Bra,588
A-line,791
Cufflinks,489
Lehenga Cholis,759
Printed,589
Socks & Stockings,750
Nightwear,736
Sheer Bra,584
Palazzo Kameez Dupatta,855
Eye Masks,839
Thermal Bottoms,690
Asymmetric Dresses,505
Track Pants,664
Cat Eyes,474
3/4Ths,659
Outdoor & Hiking Shoes,637
Palazzo,789
Pant,823
Tracksuits,665
Pendant Sets,608
Cargos,651
Casual Shirts,737
Shawls,768
Sipper,778
Training Shoes,629
Basic,564
Hair Bands,492
Jackets & Blazers,662
Leggings,752
Sports Jerseys,649
Running Shoes,628
Diwan Sets,284
Socks,640
Capris,766
Caps & Belts,720
Pocket Squares,663
Sleepdress,821
Mufflers,702
High Neck Sweaters,685
Kurtis,758
Skater Dresses,502
V Neck Sweaters,683
Sleevless T-Shirts,743
Swimsuit,577
Quilted Jackets,675
IndoWestern Coats & Sets,733
Bangles,603
Track Tops,666
Suit Sets,760
Strapless Bra,583
Thermals,723
Salwar Kameez Dupatta,805
Dress,574
Flared,793
Wallet,781
Bolster Covers,286
Regular Fit,708
Vests,719
Pen Sets,487
Summer Jackets,744
Strappy Tops,556
Narrow Fit,709
Face Towels,293
Chinos,650
Necklaces,607
Bath Linen Sets,290
Shrugs,764
Table Mats,597
Kurta Churidar Set,803
Kurtas & Kurta Sets,732
Quilts,276
Make & Create,12
Pyjama Set,827
Gown,817
Push Up Bra,580
