470,Women,Men,Kids
591,Women
471,Women,Men
592,Women
472,Women,Men
593,Women
473,Women,Men
594,Women
474,Women,Men
475,Women,Men,Kids
476,Women,Men,Kids
477,Women,Men
598,Women,Men,Kids
599,Women,Men,Kids
479,Women,Men
10,Kids
11,Kids
12,Kids
13,Kids
15,Kids
16,Kids
17,Kids
18,Kids
19,Kids
480,Women,Men
481,Women,Men
482,Women,Men
483,Women,Men
484,Women,Men
1,Kids
485,Women,Men
2,Kids
486,Women,Men
3,Kids
487,Women,Men
4,Kids
488,Men
5,Kids
489,Men
6,Kids
7,Kids
8,Kids
9,Kids
801,Women
803,Women
805,Women
20,Kids
807,Women
21,Kids
22,Kids
809,Women
23,Kids
24,Kids
25,Kids
26,Kids
27,Kids
28,Kids
29,Kids
490,Women,Kids
491,Women,Kids
492,Women,Kids
493,Women,Kids
494,Women
495,Women
496,Women,Men
811,Women
813,Men
815,Women
30,Kids
817,Women
31,Kids
32,Kids
819,Women
33,Kids
34,Kids
35,Kids
36,Kids
37,Kids
38,Kids
39,Kids
700,Men
821,Women
701,Women,Men,Kids
702,Women,Men,Kids
823,Women
703,Men
704,Women,Men
825,Women
705,Men
40,Kids
706,Men
827,Women
41,Kids
707,Men
42,Kids
708,Men
829,Women
709,Men
710,Men
831,Women
711,Men
833,Men
712,Men
714,Women
835,Men
715,Women
716,Kids
717,Kids
718,Kids
839,Women
719,Kids
720,Kids
841,Women
600,Women,Men
721,Kids
601,Women,Men,Kids
722,Kids
843,Women
602,Women,Men,Kids
723,Kids
603,Women,Kids
724,Kids
845,Women
604,Women,Kids
725,Kids
605,Women,Kids
726,Kids
847,Women
606,Women,Kids
727,Kids
607,Women,Kids
728,Kids
849,Women
608,Women,Kids
729,Kids
609,Women,Kids
293,Men
730,Kids
851,Women
610,Women,Kids
731,Kids
611,Women
732,Kids
853,Women
612,Women
733,Kids
613,Women
734,Kids
855,Women
614,Women
735,Kids
615,Women
736,Kids
857,Women
616,Women
737,Kids
617,Women
738,Kids
618,Women
739,Kids
619,Women
740,Kids
620,Women
741,Kids
621,Men
742,Kids
743,Kids
501,Women
623,Women,Men,Kids
744,Kids
502,Women
624,Women,Men
745,Kids
503,Women
625,Men
746,Kids
504,Women
626,Men
747,Kids
505,Women
627,Women,Men
748,Kids
628,Women,Men,Kids
749,Kids
629,Men,Kids
508,Women
750,Women,Men,Kids
630,Women,Men,Kids
751,Kids
631,Men,Kids
752,Kids
632,Men,Kids
753,Kids
633,Men,Kids
754,Kids
634,Women,Men,Kids
755,Kids
635,Men
756,Kids
636,Women,Men
757,Kids
637,Men
758,Kids
638,Men
759,Kids
639,Men
760,Kids
640,Men,Kids
761,Kids
762,Kids
763,Kids
643,Men
764,Kids
644,Men
765,Kids
645,Men
766,Kids
646,Men
767,Women,Men,Kids
647,Men
768,Women,Men,Kids
648,Men
769,Women,Men,Kids
407,Kids
649,Men
408,Kids
409,Kids
770,Women
650,Women,Men
771,Women
651,Men
772,Women
410,Kids
773,Women
652,Men
653,Men
774,Kids
654,Men
775,Men
655,Men
776,Men
777,Men
656,Men
657,Men
778,Men
658,Women,Men,Kids
779,Kids
659,Men
781,Women,Men
660,Men
661,Men
783,Women,Men
662,Men
663,Men
664,Women,Men
543,Women
785,Women
665,Women,Men
666,Men
787,Women
546,Women,Men
667,Men
547,Kids
668,Men
789,Women
669,Men
670,Men
791,Women
671,Men
672,Men
793,Women
673,Men
674,Men
553,Women
795,Women
675,Men
554,Women
676,Men
555,Women
797,Women
677,Men
556,Women
678,Men
557,Women
799,Women
679,Men
558,Women
559,Women
680,Men
681,Men
560,Women
682,Women,Men
561,Women
683,Men
562,Women
684,Men
563,Women
685,Men
564,Women
686,Men
687,Men,Kids
446,Women
688,Men
447,Women
689,Men
690,Men
691,Men
692,Men
571,Women
693,Men
572,Women
694,Men
573,Women
695,Men
574,Women
696,Men
575,Women
697,Men
576,Women
698,Men
577,Women
457,Women,Men
699,Men
578,Women
458,Women,Men
579,Women
459,Women,Men
580,Women
581,Women
461,Women,Men
582,Women
462,Women,Men
583,Women
463,Women,Men
584,Women
464,Women,Men
585,Women
586,Women
466,Women,Men
587,Women
588,Women
468,Women,Men,Kids
589,Women
469,Women,Men
