squash shoes,634,635
anarkali,563
running Shoes,628
tennis Shoes,630
football Shoes,631
Basketball Shoes,632
Badminton Shoes,634
Cricket Shoes,633
Laptop Bags,457
Duffle Bags,496
Crop Tops,557
Cropped Tops,557
Tank Tops,555
Track Pants,664
Polo T-Shirts,644
Casual Jackets,678
Leather Jackets,676
Boxers,696
Gown,817
Maxi Dresses,504
Casual Sneakers,715
Sports Bra,582
Caps,669
Loafers,625
Lehenga Cholis,759
Nightwear Sets,591
Purses,446
Analog Watches,476
Asymmetric Dresses,505
Aviators,468
Babydolls,592
Badminton Shoes,634
Basketball Shoes,632
Boat Shoes,626
Bodycon Dresses,503
Bolster Covers,286
Bomber Jackets,674
Bow Ties,693
Boxers,696
Boys Combo Sets,731
Boys Value Packs,742
Briefs,694
Caps,669
Cargo Pants,785
Cargos,651
Carpets,296
Casual Jackets,678
Casual Sneakers,715
Casual Tops,762
Chinos,650
Chronograph Watch,477
Churidar,811
Coloured Pants,787
Comforters,277
Corduroy Trousers,652
Cricket Shoes,633
Crop Tops,557
Cufflinks,489
Curtains,287
Cushion Covers,642
Dhotis,657
Digital Watches,623
Diwan Sets,284
Double Bedding Sets,281
Duffle Bags,496
Duffle Trolleys,459
Fitted blazers,772
Football Shoes,631
Full Length Sets,730
Girls Combo Sets,757
Gloves,701
Gown,817
Hair Bands,492
Hand Towels,291
Hats,670
Head Band,859
Head Phones,482
Henley T-Shirts,647
High Neck T-Shirts,705
Hoodies,813
Hoops,601
Indoor Sports Shoes,635
Jhumkis,610
Laces,777
Laptop Bags,457
Leather Jackets,676
Lehenga Cholis,759
Lifestyle Shoes,627
Lockets,621
Long coats,771
Maang Tika,619
Maxi Dresses,504
Moccasins,624
Necklace Sets,606
Necklaces,607
Night Suits,682
Nightwear Sets,591
Off Shoulder Dresses,508
Party Tops,763
Pendants,598
Peplum Dresses,543
Pillow Covers,552
Pillows,551
Pocket Squares,663
Polo T-Shirts,644
Purses,446
Push Up Bra,580	
Pyjama Set,827
Pyjamas,643
Quilted Jackets,675
Quilts,276
Rain Jackets,679
Rings,599
Robe,819
Rugs,297
Running Shoes,628
Shift Dresses,501
Single Bedding Sets,280
Sipper,778
Skater Dresses,502
Sports Bra,582
Sports Jerseys,649
Sporty Sneakers,714
Strapless Bra,583
Strappy Tops,556
Studs,602
Suitcases,546	
Sweat Jackets,688
Swimsuit,577
T-Shirt Bra,578
Table Mats,597
Tank Tops,555
Ties,488
Tights,668
Toe Rings,616
Toiletry Kits,464
Track Jackets,667
Track Pants,664
Trackwear,735
Training Shoes,629
Travel Accessories,463
Trunks,695
Tube Tops,554
V Neck,560
V Neck Sweaters,683
Value Packs,765
Waist Belts,617
Waistcoats,660
Wallet,781
Wayfarers,470
Kurta Patiala Set,801
Palazzo Kameez Dupatta,855
Hooded T Shirts,863
Hooded T-Shirts,863
Hooded TShirts,863
Blankets,275
Tracksuits,665
Track suits,665
V Neck T-Shirts,646
V Neck TShirts,646
V Neck T Shirts,646
t shirt,740
t-shirt,740
tshirt,740



