prepare,12,853,831,801,857,803
cat poison,474
crusade,580
small muscles of the h,291
first toe,616
pretend,12
h towels,291
tea,393
take a hike,637
scanty,748,815
loving cup,585
night suits,682
poets shirt,737,738
slim disambiguation,712
apposition eye,474,839
squares,475,663
domestic cat,474
circular,684,645,700,558
squarer,475,663
trainer socks,750,640
perspirer,683,684,685,722
rounded,684,645,700,558,472
lace making,777
extensor pollicis longis,291
wasitcoat,660
string section,609
cliff,605
strapless bra,583
roll,473
badmington,634
turn,472
cel,318
deoxythymidine monophosphate,740,644,578,743,645,646,647,648,705
orotund,684,645,700,558
example,480,483
hikes,637
balancer,572
cushion case,642
luminosity,393
hiker,637
danglers & drops,605
connect,692
hypercube,475,663
prospicient,771
outdoora,637
kibisis,781
accessories,463,5
wool blankets,275
troll,472
genuine leather,676
blood,791
dj house shoes,630,631,632,633,634,635,626,637,627,628,629
throw,12
protective mask,839
bath linen sets,290
basketball gear,632
tube sock,750,640
indoor sports shoes,635
moggy,474
narrow fit,709
capreae,755,766,825,829
frame computing,473,475,469,471,472
maang tika,619
extensor carpus radialis brevis,291
good,730
amored tank,555
skeleton,473,475,469,471,472
tie,693,488,692
h joints,291
sleeping suit,736,591
night polo ball,741,644,559
tip,762,554,763,576,555,666,556,689,557
gourmet tea,393
sleepdress,821
he man,602
tush,690
making,12
evening crazies,474
a pant,652,726
check,772
exhaust silencer,724,702
oval shaped,471
sleeper,693,488
cleancloth,291,292,293,294
syntan,676
bracesclothing,851
hat size,767,670
basketball parity worldwide,632
bop party,763,746,738
duvet,279
silver bullet cocktail,611
bloodline,791
burn up,793
elliptical,471
grained leather,676
pair of pants,652,726
reinforcement,581
tonne,740,644,578,743,645,646,647,648,705
the marin disambiguation,648
chain wallets,781
roof,720,767,724,669
ticker,476,477,479,623,480
teatime,393
cheek,293
agricultural crops,557
football codes,631
sports coat,772,662,734
bball,632
value disambiguation,742,765
party pooper,763,746,738
rainiest,679
blue whale drink,611
heavy rain meteorology,679
breadth,730
bikini tans,704
hats,767,670
belted ammunition,720,617
rainy,679
hatb,767,670
burst out,793
pants disambiguation,652,726
jeggings,751
flow,628
quint,683,646,560
running sport,628
phalangeal articulations of h,291
traveling,463
pilus,492
rains,679
caps disambiguation,720,767,724,669
fingerless glove,701,724
exertion,688
sari,779
mutation,635,649,582
cardigan disambiguation,686,722
mobile covers & cases,483
tea leaf,393
voni garment,855,857,805,807
two fold,281
stoolie,714,715
history of the swimsuit,577
ankle bracelet,615
toe,616
push movie,580
travel accessories,463
caterpillar,474
take a leak,12
top,273,483,286,552,762,642,554,763,576,555,666,556,689,557
bikini,704
spintop,762,554,763,576,555,666,556,689,557
rails,664,666,667
have,12
head hair,492
bath towel,291,292,293,294
shorts,695,696,831,658,728,718
pavadai,759
quilt,276,277,675,776
quat,474
systema skeletale,473,475,469,471,472
question,482
track suit,665
produce,12
gewgaw,603
lifestyle disambiguation,627
moccasins,624
time piece personal,477,480
felis sylvestris catus,474
attache cases,461
line of products,791
prat,690
mittens,701,724
capital,720,767,724,669
prom gown,817
lantern sleeve,458
dorsum of the hs,291
billfold,781
pantyhose,847
holder disambiguation,393,360
straits,482
gown,819,799,295,817
dhoti,657
towel,291,292,293,294
function,628
lam,628
pipe,554
streetcar,459
convertible laptops,457
felis familiaris,474
derriere,690
lay,853,831,801,857,803
dorsum of h,291
maxi dresses,504
unmingled,548
schouder,508
rainwater,679
coin toss cricket,633
extensor carpus radialis longus,291
underdrawers,696,831,658,728,718
troosers,652,726
chooridar,811,803,807
dothi,657
multiway bra,587
collum anatomy,683,684,685,645,700,646,558,559,705,560
trunks disambiguation,695
hatbs,767,670
sports cricket,633
tea preparation,393
floor,298
pencil crayons,795
twofold,281
sacre bleu wine,360
jean cuts,725
planck's constant,291
bell skirt,754,747
necklace,606,607
v neck sweaters,683
indian shirt,561,653,853,655,732,801,857,803
kimono sleeve,458
lengths,730
rug disambiguation,297
pillow,551,552
traveled,463
support statistics,581
sport,635,649,582
tub,290,292,295
half pant,831,658,728
jumpsuits & dungarees,753
attire,574,543,501,799,502,503,745,746,504,505,508
slim dress,574,799
vinous,360
tug,580
nighear,736,591
brim hat,767,670
calculator wristwatch,477,480
square geometry,475,663
cargo,651,785
press,580
pad of paper,622
bomber aircraft,674
night,682,799
concealment,286,552,642,273,483
night wear,736,591
vitrine,480,483
pack,742,765,294
piss,12
footraces,628
chaadar,855,857,805,807
curing,290,591,691,730,731,754,732,612,755,733,756,734,757,280,281,284,760,487,606,727,728,827,729,608,829
vanadium,683,646,560
tank mechanic,555
cup,585
bikinitans,704
fishing vest,700,719
cut,664,666,667
stave,472
trolley case,546
windsock,750,640
merin,648
promote,580
peasant top,553
scantling,602
pencils,795
igniter,393
appurtenance,463,5
skinny,711
attach,692
afterparty,763,746,738
kitchen,596
thyroxin,740,644,578,743,645,646,647,648,705
liothyronine,740,644,578,743,645,646,647,648,705
cricketer,633
the secret killer,474,839
4th estate cocktail cocktail,611
little toe,616
watch,476,477,479,623,480
high disambiguation,685,705
bluejeans,725
hair shaft,492
cricketed,633
portable computers,457
abductor longus,291
channel isls,649
pens disambiguation,484
lid,767,670
apparel,574,543,501,799,502,503,745,746,504,505,508
travel bag,546
hbag,496,457,446
military tank,555
little girl,757
dance shoes,630,631,632,633,634,635,626,637,627,628,629
tube disambiguation,554
capri set,829
jacket,770,662,674,675,676,720,721,677,688,667,656,678,744,679,767,724,669
suited,682,661,760,734
full,730
luminance,393
mellow,685,705
spoirts,635,649,582
credit line,791
draperies,287,548
digitus quintus pedis,616
cushion covers,642
shock absorber,642
thenar region,291
pet cat,474
push album,580
eye anatomy,474,839
tika disambiguation,619
harvest,557
night robe,799,817
center,839
bermudas 3/4ths,739
wine bottle holders,360
lifestyle,627
needlecord,652,677
felis catus,474
the double disambiguation,281
crested blazer,772,662,734
cooler,555
short,831,658,728
cles,318
jackets blazers,662
shift dresses,501
orthopaedic footwear,630,631,632,633,634,635,626,637,627,628,629
rules of badminton,634
cat o' nine tails,474
round frames,472
pall,287,548
socks stockings,750
movement studies,835
the bags b,496,457
atomic number 1,291
lehenga cholis,759
bloomer disambiguation,748
swimsuit,761,577
chaddi,831,658,728
attain,12
shower party,763,746,738
cobwebby,548
quilted,675
butane bottle,360
ignitor,393
analog,476,479
trouser pockets,663
dolly,5
dolls,5
hoop disambiguation,601
pant,652,785,664,787,823,726
unconstipated,708
spirit of cricket,633
abductor brevis,291
maxi supermarket chain,504
carpetlayer,296
bacchanology,611
lot,290,591,691,730,731,754,732,612,755,733,756,734,757,280,281,284,760,487,606,727,728,827,729,608,829
cardigan,686,722
whitey tighties,694,718
practical skills,629
sentinel,476,477,479,623,480
jeggin,751
isl of capri,755,766,825,829
funding,581
head anatomy,482
wallet,781
doll,5,754,747
h dorsum,291
pool party,763,746,738
carpet pile,296
centre,839
list of cle types,318
mats disambiguation,298,597
pipeline,791
fallal,603
parentage,791
bread butter,581
h lead,795
quilted jacket,770,662,674,675,676,721,677,688,667,656,678,744,679
basketball rim,632
make up,12
tank warfare,555
kit disambiguation,464
egg shape,471
free easy,762,678,745,715,737
out outa,548
adventitia,756
quintuplet,683,646,560
socks,750,640
lusterlessness,298,597
skeletal system,473,475,469,471,472
night dress & nighties,799
formal,484
peasant blouse,553
caps & belts,720
values disambiguation,742,765
day hike,637
ease,776
outdoor hiking shoes,637
corduroys,652,677
regulara,708
foursquare,475,663
bodily hair,492
one sided,787
clod,484
principal,482
el ojo en la oscuridad,474,839
tend,628
tramping,637
regulars,708
jumpsuits dungarees,753
cordova leather,676
table disambiguation,595,597
hangman's rope,572
cricketplayer,633
build,473,12,475,469,471,472
meridian,762,554,763,576,555,666,556,689,557
earn,12
long distance runner,628
ball games,484
oviform,471
whipping tops,762,554,763,576,555,666,556,689,557
top dog,482
chokers,612,613
sacking sack manufacture,496,457
spend a penny,12
bracelets,604
tramcar,459
path,664,666,667
bind,692
suburban cocktail,611
cube,475,663
maxi supermarkets,504
flap pocket,663
moccasin,624
tee shirt,740,644,578,743,645,646,647,648,649,705
pass,628,482
shock,642
capri,755,766,825,829
environmental impact of leather,676
bow down,693
short trousers,831,658,728
mocassin,624
kitchen table,596
sipper,778
denim,753,725,727
lodgings,622
balconette bra,588
transparent,548
body liner,716
caput,482
airman,468
do nothing,625
football game,631
consignment,651,785
thermionic valve,554
leather jackets,676
kurti disambiguation,562,758
jockey shorts,694,718
casual fashion,762,678,745,715,737
high neck t-shirts,705
toe rings,616
mind,482
digital watches,477,623,480
business,791
latex leggings,752
shoes,630,631,632,633,634,635,626,637,627,628,629
doormats,394
bikinitan,704
sleevless t shirts,743
the bags american b,496,457
showcase,480,483
fuzz,492
chronographs,477
sheera,548
stocking,750
blankie,275
dip,605
shifting,501
plurality,742,765,294
golf pencil,795
chudi,603
lookout,476,477,479,623,480
bird,5,754,747
girls combo sets,757
tank co driver,555
second power,475,663
chairperson,622
legging disambiguation,752
laces,777
tank radioman,555
suiting,682,661,760,833,734
cover charge,286,552,642,273,483
cosmic string,548
merchantman,690
lockets,621
traveling bag,496,457,546
line of credit,791
journey travel,463
upwards,580
caftan,573
kleurling,787
granny panties,748,815
farm crops,557
forked,281
house shoe,630,631,632,633,634,635,626,637,627,628,629
tight fitting,711
squarest,475,663
the double,281
back,286,552,642,273,483
training,629
bottleful,360
regular fit,708
lather,688
undershirt,700,719
miss,757
ovoid,471
duration,730
food wine,360
partyingly,763,746,738
load,651,785
facet eyes,474,839
top spinner traditional activity,762,554,763,576,555,666,556,689,557
afterparty cool kids of death album,763,746,738
orthopedic footwear,630,631,632,633,634,635,626,637,627,628,629
company,763,746,738
cricket player,633
wearing apparel,574,543,501,799,502,503,745,746,504,505,508
naga cocktail,611
up!,580
length,730
cold brewed tea,393
travels,463
blankey,275
henry,291
up.,580
badminton racquet,634
sneaker disambiguation,714,715
blanket,275,286,552,642,273,483
neck opening,683,684,685,645,700,646,558,559,705,560
tulip bulb,797
caterpillar track,664,666,667
extensor digitorum h,291
blaze up,793
construct,12
drapery,287,548
personal credit line,791
channel isls jersey,649
chunni,855,857,805,807
color pencil,795
keggers,763,746,738
tankdozer,555
framing,473,475,469,471,472
trichoid,492
wrap up,473
sudor,688
boxershorts,696,831,658,728,718
mitt,701,724
sport coat,772,662,734
printed,589
dark skinned,787
mitten,701,724
football games,631
sportswoman,635,649,582
curlyhaired,492
non white,787
luminousness,393
african tea,474
bands,600
silencer,724,702
keg party,763,746,738
trunks character,695
brip,694,718
track shorts,831,658,728
shiny leggings,752
caseful,480,483
sweaters,683,684,685,722
mat,298,597
case disambiguation,480,483
storage tank,555
human h,291
colouring pencil,795
neck lace,606,607
bastille bomb,611
football elliptical,631
tank car,555
sneakers film,714,715
labtop,457
up initialism,580
frozen matador,611
blazers,772,662,734
wide eyed in the dark,474,839
bobbysock,615
merchant ship,690
bow disambiguation,693
badminton players,634
subject,480,483
muscle testing,835
the toss,633
high single,685,705
casing,480,483
3/4ths,659
in high spirits,685,705
head collar,572
surface based convection,689,723,690,691
hotel bedding,280,281
allayer,277
panty lines,748,815
choker sets,612
babydolls,592
flatness,298,597
feed,628
brief disambiguation,694,718
danglers,605
running shoes,628
cover disambiguation,286,552,642,273,483
badminton 1000 bc,634
color pencils,795
colorful,787
sauceboat,626
tank driver,555
work shift,501
dressing gowns,819,295
moulded bra,586
fountainhead,482
ball,484
hair texture,492
hlebox,461
fanny,690
necke,683,684,685,645,700,646,558,559,705,560
make,12
neckb,612,613
panties underpants,748,815
watchb,477,604,480
axminster carpet,296
outdoor,637
jibe,772
dayhike,637
shoewear,630,631,632,633,634,635,626,637,627,628,629
visible light,393
coloured south african,787
bushwalkers,637
character,480,483
mufflers,702
bang,720,617
human hair,492
peplum disambiguation,543
head for the hills,628
bedclothes,280,281
height,762,554,763,576,555,666,556,689,557
boxer,696,718
cordwain,676
veer haqiqat rai model senior secondary school,801
flame up,793
suitings & shirtings,833
execute,628
labor,580
classic briefs,748,815
rounding disambiguation,684,645,700,558,472
tapeline,835
hair's breadth,492
felis cattus,474
switching,501
dead german,611
christ within,393
grammatical case,480,483
association,693,488
zubon,652,726
lace nightgown,592
football code,631
long,771
virgineola,739
palm h,291
farm products,557
muffler car,724,702
freighter,690
peach tea,393
melt down,628
unikini,704
twinkle,393
middle,839
expression,293
pull in,12
piddle,12
jumpsuits,753
baby toes,616
kurtis,758
everyday,762,678,745,715,737
cargo shorts,831,658,728
cuban heel,750
vigil,476,477,479,623,480
cufflink,489,692
capri isl,755,766,825,829
buhok,492
sweaters & cardigans,722
high pitched,685,705
metallic leggings,752
nominate,12
notebook pc,457
vin rouge,360
sweaters cardigans,722
net curtain,287,548
knicker,748,815
suitcase,496,457,546
caps hats,767
look,293
polos,741
earpiece,482
athletic contests,635,649,582
set disambiguation,290,591,691,730,731,853,831,754,732,612,755,733,756,734,757,857,280,281,284,760,487,801,803,606,727,728,827,729,608,829
subdivisions of bermuda,739
scat,628
k gold watch,477,480
glittens,701,724
teknekt,611
atomic number 23,683,646,560
eccentric,480,483
face towels,293
ecrl muscle,291
defer,693
length dimension,730
knock,720,617
moccasin footwear,624
blankets,275
leather binding,676
string disambiguation,548,609
railroad tie,693,488
tubing,554
chronograph watch,477
cattle hide,676
poor boy,674
bath,290,292,295
mask,839
push disambiguation,580
nightwear,736,591
be given,628
canary,714,715
stew,688
bleeding brain,611
jeans trousers,725
hikers,637
throw blanket,275
the somers isles,739
wrapped song,473
overshirt,737,738
bash,720,617
mark,853,831,801,857,803
base,496,298,457
spotter,476,477,479,623,480
mob,742,765,294
display case,480,483
chino disambiguation,650
change of location,463
egg geometry,471
clemaker,318
how to play basketball,632
short disambiguation,831,658,728
mats,298,597
zablas pyjamas,716
stool pigeon,714,715
work,12,586,628
lemon tea,393
feline asocial aggression,474
matt,298,597
constitute,12
packs,742,765,294
jegging,751
party dresses frocks,746
back country hiking,637
flannel vest,700,719
cricket game,633
sympathizer,277
subway system,554
swath,720,617
leatherworker,676
old bag,496,457
mulled claret,611
tennis player,630
light within,393
sarung,575
jazz b,731,757,692
f. domesticus,474
briefs boxers,718
leotards,668
giglets,757
lehnga,759
round of golf,472
new jersey,649
laptop upgrade,457
kurtas,561,653,853,655,732,801,857,803
kinesthiology,835
tennis bracelet,604
pouch,663
hybrid laptop,457
clamshell laptop,457
summer jackets,744
gym sock,750,640
palm anatomy,291
lenght,730
long disambiguation,771
weakling,394
camera type eye,474,839
sleeve,458
foresighted,771
briefcases,461
spin tops,762,554,763,576,555,666,556,689,557
bed spread,280,281
domestic housecats,474
aeronaut,468
ommateum,474,839
dungarees dungaree sets,727
teknert,611
wettest spot on earth,679
true cat,474
basketball,632,601
nuclear bomber,674
latin mahattan,611
dungaree disambiguation,753,727
party tops,763
badminton shoes,634
footbal,631
headcollar,572
special k alcohol,611
peregrine,483
footrace,628
felis silvestris catus,474
indoora,635
maxi,504
kurta dupatta set,857
nuchal,683,684,685,645,700,646,558,559,705,560
billet,791
ground strike vehicle,555
chunk,484
h fracture,291
typeset,853,831,801,857,803
butterfly sleeve,458
muscles of the h,291
dyed,787
bolsters,286,285
accompaniment,581
base set,290,591,691,730,731,853,831,754,732,612,755,733,756,734,757,857,280,281,284,760,487,801,803,606,727,728,827,729,608,829
fivesome,683,646,560
grinder,674
hair growth rate,492
conform to,772
tropical drinks,611
history of v,683,646,560
summery,744
grimace,293
bolster covers,286
jet bomber,674
skeletal frame,473,475,469,471,472
seamlessness,594
countersink,853,831,801,857,803
stoles,769
tally,772
seduce,12
carpets,296
egg,484
jazz group,731,757,692
laptop,457
tube shaped structure,554
waistline,617
shift dress,574,799
laptob,457
near,711
beach towels,291,292,293,294
human kinetics,835
biased,787
badmitton,634
horse halter,572
dishtowel,291,292,293,294
die hard,628
visible panty line,748,815
boyishly,731,742
woo woos,611
hair bs,492
dress garment,574,799
doll hospital,5
submarine,674
basketball team,632
eyeballs,474,839
summeriness,744
boldness,293
lap top computer,457
toes,616
wristwatches,477,480
superlative,762,554,763,576,555,666,556,689,557
clickable pens,484,487
hair types,492
tightly fitting,711
running around,628
neck,683,684,685,645,700,646,558,559,705,560
little phoebe,683,646,560
headphone,482
pushing,580
body pillow,551,552
descent,791
upside,762,554,763,576,555,666,556,689,557
analog data,476,479
nursing bottle,360
shift disambiguation,501
product line,791
reenforcement,581
hb lead,795
eye ball,474,839
rounds,684,645,700,558,472
screening,286,552,642,273,483
stud,602
kinesiologist,835
frames album,473,475,469,471,472
young woman,757
boyhood,731,742
s bikini,704
kitchen design,596
gibe,772
bushwalking,637
journeyer,470
comfort definition,776
football rules,631
full size bed,273
garden state,649
stingray skin,676
duffel bag,496,459
nightgown,799,817
blazer,772,662,734
cephalic,482
tealeaves,393
high neck sweaters,685
shoe sole,630,631,632,633,634,635,626,637,627,628,629
dungarees & dungaree sets,727
human toe,616
pant disambiguation,785,664,787,823
safe sex on the beach,611
dresiarze,574,799
backside,690
bedlinen,280,281
tshirts,740,644,578,743,645,646,647,648,705
orna dress,855,857,805,807
duffle bags,496
linen,595,596,290
bollock,484
panty line,748,815
hippie,593
jumpsuit,753
trolley disambiguation,459
vaporous,548
sweat,688
loafer,625
occupation,791
education,629
carpeting,297,296
slim,712
pagan,656
social role of hair,492
ovate,471
narrow,709
tighty whiteys,694,718
shape,473,475,586,469,471,472
specify,853,831,801,857,803
wallets,781
cut offs,831,658,728
captain bed,273
jacket crown,770,662,674,675,676,720,721,677,688,667,656,678,744,679,767,724,669
isles,739
human girl,757
waikiki woo woo,611
modular kitchen,596
neku,474
rights,757
wayfarer,470
belts,720,617
fourth toe,616
digitus primus pedis,616
cargo pants,785
chairman,622
storey,298
pantihose,847
bangle,603,604
nightdress,799,817
master of arts in teaching,298,597
bath towels,291,292,293,294
punjabi kurta tehmat,561,653,853,655,732,801,857,803
ring toe,616
flier,468
hand towels,291
screen,286,552,642,273,483
ligaments of the h,291
ocular globe,474,839
up disambiguation,580
strappy tops,556
thermal tops,689
cable,791
after party,763,746,738
th estate cocktail,611
high school basketball,632
subfloor,298
necklace sets,606
runway,664,666,667
mixology,611
brass,293
pillows,551,552
hour chair,622
haircloth,492
cover version,286,552,642,273,483
chair pads,622
raining,679
watch bracelet,604
running,664,666,667
teetotum,762,554,763,576,555,666,556,689,557
snitch,714,715
define,853,831,801,857,803
ethnical,656
diaphanous,548
basketball worldwide,632
u.p.,580
coating,771,721,733
dansneakers,630,631,632,633,634,635,626,637,627,628,629
pencil,795
shank,617
cricketing,633
h anatomy,291
manchester cloth,652,677
bloomers disambiguation,748
midsole,630,631,632,633,634,635,626,637,627,628,629
masks protective,839
h fractures,291
run for,628
duple,281
flare,793
ring,742,765,294
tight disambiguation,668
shift,501
no. 2 pencil,795
f. catus,474
surgical gown,817
ball pens,484
brightness level,393
riveted jeans,725
shoulder,508
not in the spirit of cricket,633
pearl,605
sneaker,714,715
tape disambiguation,835
th toe,616
lading,651,785
sustenance,581
trouserpocket,663
inking pad,622
chaired,622
husb pillow,551,552
eye,839
cartroad,664,666,667
moghul breech,811,803,807
shawls,768
telephone set,482
treble,281
carpi radialis brevis,291
snap pocket,663
talking watch,477,480
sports jerseys,649
comfort fit,776
skirt garment,754,747
trouserpockets,663
halter bra,572
flare out,793
long distance runners,628
headspring,482
bedding material,280,281
baby toe,616
fulla,730
custom insoles,630,631,632,633,634,635,626,637,627,628,629
egg curve,471
roadrunner cocktail,611
panjabi garment,561,653,853,655,732,801,857,803
diggings,622
absolute,548
brassiere,572,583,584,585,586,587,588,578,579,580,581,582
quintet,683,646,560
tennis shoe,714,715
pantie,748,815
school principal,482
corduroy trousers,652
extensores carpi radialis longus,291
high neck t shirts,705
schizochroal eye,474,839
knickers,785,664,787,748,815
towelled,291,292,293,294
tshert,740,644,578,743,645,646,647,648,705
sleep wear,736,591
briefs,694,718
henley surname,647
surprise party,763,746,738
pyjama set,827
pouch pocket,663
silk rugs,296
coloured pants,787
3/4th sets,729
shirted movement,737,738
commercial kitchens,596
hipsters,593
low cut socks,750,640
whack,720,617
portable h held communications inscriber,795
unmarried,280
boats,626
girl,757
underweight,711
strings album,548,609
coats disambiguation,771,721,733
cuban swich,674
melodic line,791
loose tea,393
florida cocktail,611
parishes of bermuda,739
submit,693
string,548
the double film,281
bodycon dresses,503
summit,762,554,763,576,555,666,556,689,557
drops,605
trapeze top,791
drumhead,482
nox,682,799
dungarees,753,727
supporting,581
grape wine,360
felix domesticus,474
parrot tulip,797
kurta patiala set,801
prom dress,574,799
race,628
bangles disambiguation,603
pack disambiguation,742,765,294
submarine swich,674
drogue,750,640
head teacher,482
brightness,393
socks bag,750,640
spinning tops,762,554,763,576,555,666,556,689,557
waist belts,617
athletics,635,649,582
flame,793
f lead pencil,795
thymine,740,644,578,743,645,646,647,648,705
play,635,649,628,582
detonator,720,767,724,669
large number,742,765,294
kinesiology,835
pillar cle,318
keister,690
oval frames,471
the stud,602
travel safety,463
summered,744
give,12
rained,679
army tank,555
double,281
comfortably,776
double album,281
tomentum,492
hoody,813
pendant sets,608
charcoal pencil,795
comfortable,776
shuttler,634
metro,554
prevail,628
suit,682,661,760,772,734,480,483
human boy,731,742
necktie,693,488
prolate,471
short skirted,754,747
bomber,674
palms of the hs,291
watch crystal,477,480
batting pads,622
studs,602
hempen necktie,572
henley t-shirts,647
bath sheet,291,292,293,294
slanted,787
gain,12
reliever,277
computerized axial tomography,474
wee,12
wed,692
armored combat vehicle,555
break away,628
bubble dress,754,747
tank loader,555
cervix,683,684,685,645,700,646,558,559,705,560
ecrb,291
grip,496,457,546
masking,286,552,642,273,483
kikoy,575
headl,482
pissup,763,746,738
skaters,502
colony of bermuda,739
shirt,740,644,578,743,645,646,647,648,737,705,738
nylon stocking,847
width,730
stockings,750
somers isls,739
heads,482
board,595,597
house cats,474
down pillow,551,552
camp pockets,663
gloves & mufflers,724
nut,484
baketball,632
ankle bracelets,615
leather making,676
phoebe,683,646,560
strain,791
rain,679
hunt,628
laptop bag,457
gypsie top,740,644,578,743,645,646,647,648,705
rail,664,666,667
conniption,709,776,711,712,708
ismail acar paintings,573
sheer string curtains,548
electric chair,622
roving,483
choker,612,613
bushwalker,637
magnetic tape,835
outside,637
keep,581
basketball club,632
zablas & pyjamas,716
studhorse,602
big tennis,630
speech sound,482
hombre,474
muffler,724,702
circus tent,762,554,763,576,555,666,556,689,557
brief case,461
whang,720,617
parallel,476,479
b ball,632
glove kit,701,724
racetrack,664,666,667
work boats,626
chudidaar,811,803,807
line of business,791
foot ball,631
playpen,484,487
a line dress,791
pillow slip,551,552,480,483
briefs & boxers,718
comfortability,776
feather pillow,551,552
penny pinching,711
tie disambiguation,693,488,692
off shoulder dresses,508
fin,683,646,560
tape recording,835
digiti pedis,616
slackettes,831,658,728
fit,709,772,776,711,712,708
gonaguas,787
fix,12,853,831,801,857,803
track disambiguation,664,666,667
long skirted,754,747
palazzo,855,789
mag tape,835
peeper organ,474,839
make water,12
digs,622
gang,742,765,294
accoutrement,463,5
posterior,690
ovalular,471
extend,628
gamy,685,705
summerlike,744
bed furniture,273
pale breasts,704
tabular array,595,597
tullip,797
logical argument,791
fingerless gloves,701,724
masturb,672
eye invertebrate,474,839
bm,739
tunic sets,756
food plant,557
bs,600,492
transmutation,501
shorts sets,728
polo mallet,741,644,559
doll accessories,5
ed muscle,291
ct,474
pouf sleeve,458
night dress nighties,799
h heel,291
undulatory theory,393
wrap disambiguation,473
antique rug,296
localise,853,831,801,857,803
ingroup,742,765,294
besom pocket,663
font,480,293,483
guinea pig,480,483
scarf,703,769
wristbands,672
lightness,393
gasp,823
do,12,853,831,801,857,803
girls,757
heel of the h,291
cricket clubs,633
tightfitting,711
flower child,593
body hair,492
assymetric,505
chairs,622
aviators,468
lehengha,759
baksetball,632
kurta pyjamas,655
es,763,746,738
sweatb hat,767,670
baseball glove,701,724
tea brewing,393
bags disambiguation,496,457
hairbs,492
chudidar,811,803,807
running events,628
take in,12
agate line,791
garb,574,543,501,799,502,503,745,746,504,505,508
burst,709,776,711,712,708
carry,628
frame,473,475,469,471,472
analog digital watches,479
line of work,791
running sports,628
vamp shoe,630,631,632,633,634,635,626,637,627,628,629
belt ammunition,720,617
origin,791
india,801
games called football,631
fitted blazers,772
stemma,791
thenal,291
line of reasoning,791
ring disambiguation,599,611,616
moggies,474
gaud,603
ga,474,839
tetraiodothyronine,740,644,578,743,645,646,647,648,705
covert,286,552,642,273,483
covers,286,552,642,273,483
neradol,676
digital,479,623
cricket games,633
trouser pocket,663
splice,692
mididress,574,799
go,772,628
political party,763,746,738
cover song,286,552,642,273,483
broken h,291
rhythm,472
bomber squadron,674
sympathiser,277
form,473,12,475,586,469,471,472
publish,589
baseball mitt,701,724
make & create,12
goyangi,474
lookout man,476,477,479,623,480
bottom of the inning,690
carpet industry,296
hs,291
go under,853,831,801,857,803
pale breast,704
mobiles,483
raging kegger,763,746,738
accouterment,463,5
bathroom,290,292,295
leging,752
summerers,744
a ball,484
optic light,393
leather worker,676
supplement,463,5
contrast,791
je,649
bathing suits,577
floormat,298,597
unicycle basketball,632
carpetlaying,296
life style,627
bauble,603
h muscles,291
about hair,492
kurtas & kurta sets,732
feed crop,557
strings,548,609
kaftans,573
open kitchen,596
leatherer,676
hindquarters,690
pelage hair,492
vest,660,700,719
the bags disambiguation,496,457
draw,693,12,488,628,692
off,508
sport culture,635,649,582
novelty pen,484,487
scrawny,711
la,801
slender,712
pavada,759
origin of hair,492
fun,635,649,582
shipment categories,651,785
weskit,660
pants,652,785,664,787,748,726
picket,476,477,479,623,480
birthday party,763,746,738
tooshie,690
locket,621
cozzie,577
armchair furniture,622
skirt,5,754,747
booty shorts,571
limit,853,831,801,857,803
bedspreads comforters,280,281
ethnic jackets,656
square shape,475,663
asymmetrical,505
mt,740,644,578,743,645,646,647,648,705
anaxyrides,652,726
trolley car,459
a line skirt,791
flyer,468
puff,276,277,776
coat,771,721,733
carpet fitter,296
dish,496,457
maxiskirt,754,747
panty,748,815
football group of sports,631
kitchen layout,596
nj,649
kits disambiguation,464
basic bra,579
furrow,791
hipster,593
seam,273,791
jhumkis,610
head,482
trouser,652,823,726
a-line,791
bees kiss,611
fight,580
on,694,718
partying,763,746,738
surprise birthday parties,763,746,738
determine,853,831,801,857,803
sports,635,649,582
right down,548
leather gloves,701,724
pendent,598,608
alternative tea,393
equip,772
marin t shirts,648
casual sneakers,715
thermal sets,691
pullovergarment,683,684,685,722
pagoda sleeve,458
shirtings,833,737,738
drib,605
bruinmense,787
articulatio humeri,508
male child,731,742
crop agriculture,557
slim skirt,754,747
cinque,683,646,560
blue jean,725
suspenders,851
round neck vests,700
swimsuits,577
number 2 pencil,795
slim fit,712
seat,690
out of door,637
t shirt,740,644,578,743,645,646,647,648,649,705
tape measure,835
stud disambiguation,602
mutant,635,649,582
toiletry,464
gravy holder,626
waistcoat,660,700,719
extensor carpus ulnar,291
fitted point sleeve,458
faulting,501
pileus,720,767,724,669
drop song,605
pocket squares,663
y fronts,694,718
sb,600,492
carpet layer,296
tanks,555
skirt sets,754
persist,628
the bags,496,457
cut off shorts,831,658,728
social event,763,746,738
p.a.d.,622
badminton,634
face cover,839
oval geometry,471
carpet making,296
single,280
jeans shorts,831,658,728
subway,554
mixed cocktail,611
pen ink drawing,484,487
toy doll,5
panty hose,847
hoagie,674
bottom disambiguation,690
briefing,694,718
masks theatre,839
regularly,708
whitie tighties,694,718
robotic eye,474,839
suit case,546
military,649
up,580
head phones,482
uncomfortability,776
animal eyes,474,839
bank line,791
coif,853,831,801,857,803
toe box,630,631,632,633,634,635,626,637,627,628,629
hypocube,475,663
second toe,616
clique,742,765,294
forge,586
cuff link,489,692
carriage of goods,651,785
bolster,286,285
make create,12
support,581
rectangle frames,469
enfold,473
drop,605
divan disambiguation,284
pushsong,580
hipsterdom,593
extensor digitorum muscle of hs,291
moggie,474
round neck t-shirts,645
computerized tomography,474
launch pad,622
orb,484
steeped tea,393
forel,482
cases,480,461,483
slight,712
isle of jersey,649
wide,730
padded vest,700,719
orni,855,857,805,807
gbj,649
pedigree,791
domestic feline,474
tube film,554
dame,5,754,747
break open,793
y front,694,718
accessory,463,5
table mats,597
casual dresses frocks,745
chunari,855,857,805,807
suport,581
kalisto comet,611
modus vivendi,627
party party,763,746,738
bed covers,273
fuzzy socks,750,640
peplum dresses,543
bailliage de jersey,649
type,480,483
cardigans,686,722
extensor carpi radialis longus,291
basketballer,632
otj,629
culture of tulips,797
types of hats,767,670
leather,676
hipster disambiguation,593
push,580
typeface,480,293,483
parrot tulips,797
grooming,629
indoor,635
force,580
training shoes,629
cocteleria,611
pentad,683,646,560
localize,853,831,801,857,803
black market,628
beachwear,577
robes,819,295
snitcher,714,715
extensor pollicis,291
foreign relations of bermuda,739
hemp,572
drop album,605
get,12
dark,682,787,799
course,664,666,667,628,791
rectangular,469
kubbestol,622
cook,12
boat launch,626
orthoplex,475,663
transformation,501
brain,482
pyjama,643,655,716,827
broken shoulder,508
loafers,625
drop cloth,605
rotund,684,645,700,558
inner circle,742,765,294
training centre,629
carpet binding,296
sheer bra,584
swim suit,577
unravel,628
physical body,473,475,469,471,472
hipster person,593
dress,574,543,853,501,831,799,502,503,745,746,801,504,857,505,803,508
hardening,290,591,691,730,731,754,732,612,755,733,756,734,757,280,281,284,760,487,606,727,728,827,729,608,829
bottoml,690
sound,482
bruin mense,787
chapeau,767,670
dresy,574,799
throttler,612,613
bottoms,690
hooded top,813
human neck,683,684,685,645,700,646,558,559,705,560
maxidress,574,799
bearer,393,360
create,12
tank weapon,555
comforts,776
brace,851
indowestern coats & sets,733
cord,652,677
ger colada,611
drapes,287,548
felis catus domesticus,474
geological fault,501
polo t-shirts,644
crease,791
elliptic,471
party shirts,738
ancestry,791
tom cat,474
lahenga,754,747
line,791
link,693,488,692
rain water,679
hero,674
candles,318
analog & digital watches,479
crossed rectangle,469
mix drinks,611
d t shirt,740,644,578,743,645,646,647,648,705
hangman's halter,572
colour pencil,795
housecats,474
chairwoman,622
lustrelessness,298,597
travel wallet,781
high song,685,705
pencil graphite,795
galluses,851
shirted,737,738
summercater,635,649,582
knee socks,750,640
veritablea,708
tie beam,693,488
sagol kangjei,741,644,559
trading floor,298
regular disambiguation,708
gravy boat,626
bath sheets,291,292,293,294
partiers,763,746,738
capri sets,755
arap,360
railway line,791
solidifying,290,591,691,730,731,754,732,612,755,733,756,734,757,280,281,284,760,487,606,727,728,827,729,608,829
botle,360
coloureds,787
frames,473,475,469,471,472
bermudian isls,739
nous,482
nightwear sets,591
skater,502
hotpants,831,658,728
dead nazi,611
swim suits,577
bomber plane,674
bombers,674
wine,360
wind,473
dresiarz,574,799
diwan disambiguation,284
analog watches,476
heathen,656
character shoe,630,631,632,633,634,635,626,637,627,628,629
polo sport,741,644,559
jackets coats,721
gym mat,298,597
square mathematics,475,663
strangler,612,613
sets,290,591,691,730,731,853,831,754,732,612,755,733,756,734,757,857,280,281,284,760,487,801,803,606,727,728,827,729,608,829
sport cricket,633
scraggy,711
swimming costume,761,577
blouses,553
seth,290,591,691,730,731,754,732,612,755,733,756,734,757,280,281,284,760,487,606,727,728,827,729,608,829
corduroy jackets,677
pocketbook,781,496,457,446
short sleeve,458
scarves stoles,769
wicketkeeping,633
faces,293
wrap,473
felis silvestris domesticus,474
correct,853,831,801,857,803
panties & bloomers,748
pen drawing,484,487
pincord,652,677
pad,622
frame of reference,473,475,469,471,472
tiered skirt,754,747
payload,651,785
relieve oneself,12
cuttie,740,644,578,743,645,646,647,648,705
exciting light,393
long drawers,811,803,807
armoured tank,555
shipment,651,785
lace,777
aviator,468
rear end,690
turkish towel,291,292,293,294
afternoon tea,393
pee pee,12
crop damage,557
wisconsin lunchbox,611
rail line,791
seminole textiles,276
cardigan welsh corgi,686,722
dhotis,657
financial backing,581
flooring,298
chino,650
longsighted,771
palazzo kameez dupatta,855
extensor digiti quinti proprius,291
passinga,762,678,745,715,737
duvet cover,279
cement mixer shot,611
caftans,573
see through,548
pinky toe,616
illumination,393
crop tops,557
shift key,501
twine,473,548
mobile,483
polo neck,559
peak,762,554,763,576,555,666,556,689,557
sholder,508
hat bs,767,670
pinnacle,762,554,763,576,555,666,556,689,557
wave theory of light,393
pocket,663
dustcloth,291,292,293,294
tank dozer,555
heathenish,656
channel,791
compound eye,474,839
hair bud,492
entire,730
pee,12
chapiter,720,767,724,669
variations in hair colour,492
bathtowel,291,292,293,294
pen,484,487
value types,742,765
suspender,851
salwar kameez dupatta,805
stage set,290,591,691,730,731,754,732,612,755,733,756,734,757,280,281,284,760,487,606,727,728,827,729,608,829
xtreme tennis,630
masks,839
up song,580
biggest single,280
wering,483
jersey bibliography,649
s bed,273
promontory,482
funky blue drink,611
even,708
bochanrr,855,857,805,807
fit disambiguation,709,776,711,712,708
teamelier,393
locomotion,463
tank military,555
belt suspenders,851
ring novel,599,611,616
guy,474
potlis,447
telephone circuit,791
lucille ball,484
pierzyna,279
langa garment,759
straight hair,492
tie in,693,488
nighties,799
metric ton,740,644,578,743,645,646,647,648,705
make believe,12
administrative divisions of bermuda,739
heading,482
pyjamas,643,655,716
jammies,643,655,716,827
fifth toe,616
buns,690
pear shaped,684,645,700,558
bunk,628
threefold,281
protective masks,839
uncomfortableness,776
suits,682,661,760,734
diwan,284
masks in theater ritual,839
cheddi,831,658,728
anklets,615
banana banshee,611
bikinitanned,704
afternoon skirt,754,747
irrupt,793
sneak,714,715
stock,791
attache case,461
perspiration,688
up film,580
sleeping suits,736,591
coiffure,853,831,801,857,803
purse disambiguation,446
chick,5,754,747
girlfriend,757
thermionic tube,554
counterpane bedding,276
telephone line,791
basic,564,579
pencil lead,795
udder,496,457
big cat,474
armlet,618
first digit,616
surprise birthday party,763,746,738
causa,682,661,760,734,480,483
cause,682,661,760,12,734,480,483
tunica,756
sarong,575
round of drinks,472
ties,693,488,692
blue jeans,725
jersey film festival,649
elevation,762,554,763,576,555,666,556,689,557
chair toss,622
stoff,693,488
long toe,616
chief,482
farsighted,771
ravika,553
livelihood,581
stole disambiguation,769
tunics,756
strolleys,466
body suit,716
ply,628
lame,475,663
esoteric solipsist,611
marry,692
v neck t shirts,646
sea breeze cocktail,611
cufflinks,489,692
swank motel,611
time value,742,765
organic tea,393
jean disambiguation,725
fracture,501
wayfarers,470
hero swich,674
arm b,618
jean given name,725
death chair,622
lifestyle shoes,627
meggings,752
s basketball,632
tank vehicle,555
industrial kitchen,596
induce,12
recreational sport,635,649,582
pullover garment,683,684,685,722
bry cocktail,611
coiffe,853,831,801,857,803
volt,683,646,560
inning,473,475,469,471,472
parish top,762,554,763,576,555,666,556,689,557
circle,290,591,691,472,730,731,754,732,612,755,733,756,734,757,280,281,284,760,487,606,727,728,827,729,608,829
butt,690
perinola,762,554,763,576,555,666,556,689,557
digital watch,477,480
kleurlinge,787
fount,480,293,483
chooridaar,811,803,807
shaveling,731,742
nipper helper,731,742
narrow disambiguation,709
crops,557
origins of hair,492
marine,648
trunk disambiguation,695
lady finger cocktail,611
history of hair,492
suit of clothes,682,661,760,734
escape,628
dolman sleeve,458
wooden chair,622
organized sport,635,649,582
arse,690
leather goods,676
curly hairs,492
baths,290,292,295
realise,12
top of the inning,762,554,763,576,555,666,556,689,557
bermudas,739
skinny disambiguation,711
prince of wales cocktail,611
quadrachromic pencil,795
waist coat,660
comfortableness,776
wine colored,360
arrive at,12
granny dress,574,799
old jersey,649
hat,767,670
continental quilt,279
light pencil,795
realize,12
strings film,548,609
uncomfortable,776
retentive,771
silk knot,489,692
masquerade party,839
congeal,853,831,801,857,803
physique,473,475,469,471,472
top spinning,762,554,763,576,555,666,556,689,557
kitchen isl,596
effort,688
summer like,744
dangler,605
bedding,280,281
cocktail,611
suisare,763,746,738
pajama,643,655,716,827
steady,708
history of football games,631
enclose,473
drop down curtain,287,548
toilet articles,464
basketball game,632,601
rossini cocktail,611
fructify,853,831,801,857,803
enwrap,473
tea drink,393
bikini underwear,704
hair bands,492
history of football,631
round disambiguation,684,645,700,558,472
lappy,457
suitcases,546
pinky toes,616
urban beachwear,577
hydrogen,291
lunar pendant,598,608
put,853,831,801,857,803
moghul breeches,811,803,807
round neck t shirts,645
2 pencil,795
jackets,770,662,674,675,676,721,677,688,667,656,678,744,679
tram,459
torpedo,674
insouciant,762,678,745,715,737
big toe,616
a line,791
funny t shirts,740,644,578,743,645,646,647,648,705
outsole,630,631,632,633,634,635,626,637,627,628,629
square frames,475
perfunctory,762,678,745,715,737
black forest cocktail,611
light,393
sports fitness,635,649,582
big top,762,554,763,576,555,666,556,689,557
casual tops,762
valuable,742,765
boys value packs,742
bun huggers,831,658,728
doubled,281
athletic activity,635,649,582
gowns,817
rain storm,679
upper side,762,554,763,576,555,666,556,689,557
layer,273
finger muscles,291
parish tops,762,554,763,576,555,666,556,689,557
double button,489,692
tenniz,630
brewing tea,393
smash,720,617
jeans kurta,561,653,853,655,732,801,857,803
wayfarer disambiguation,470
chain,548
covers album,286,552,642,273,483
chair,622
bow ties,693
basketball net,632
tennis,630
four legged chair,622
tank gunner,555
calecon,694,718
travel,463
gypsy top,740,644,578,743,645,646,647,648,705
belfast bomber,611
trinket,603
dance shoe,630,631,632,633,634,635,626,637,627,628,629
somers isles,739
mixer drink,611
solidification,290,591,691,730,731,754,732,612,755,733,756,734,757,280,281,284,760,487,606,727,728,827,729,608,829
bikini tanning,704
midi skirt,754,747
bead,605
set point tennis,630
dividing line,791
salwar,809,853,805
traveler oriented business,463
hit,12
beat,472
beau,572,583,584,585,586,587,588,578,579,580,581,582
sweat jackets,688
hallux,616
colour pencils,795
psyche,482
dragsuit,577
damper,724,702
baby's dummy,277
straight leg jeans,725
stimulate,12
square,475,663
scorecard cricket,633
felis domesticus,474
net stocking,750
shalwar,809,853,805
chelier,598
bathing tub,290,292,295
kaftan,573
world richest cricketers,633
point,482
s wallet,781
italian swich,674
repletep,730
big toes,616
laptop pc,457
synthetic tannins,676
palm of h,291
jorts apparel,831,658,728
ecuadorian polo,741,644,559
ceiling,720,767,724,669
botte,360
brave bull,611
college bop,763,746,738
eye membrane,474,839
outsoles,630,631,632,633,634,635,626,637,627,628,629
festive,763,746,738
clear,12
wristbs,672
basket ball,632
double button cufflinks,489,692
sock,750,640
gypsy tops,740,644,578,743,645,646,647,648,705
valued,742,765
discomforting,776
california king bed,273
full disambiguation,730
wristb,604
suit disambiguation,682,661,760,734
russian blouse,553
welcome mat,298,597,394
tramp,637
table linen,595
danglers drops,605
socks & stockings,750
seamless,594
combo,731,757,692
earphone,482
lightsource,393
anaarkali,563
football move,631
marco polo,741,644,559
duffel,496,459
extensor brevis pollicis,291
doona,279
intrinsic h muscles,291
gear up,853,831,801,857,803
digital disambiguation,479,623
bottle,360
thermionic vacuum tube,554
regular quadrilateral,475,663
chler profession,318
spark,393
seamless disambiguation,594
simple eye,474,839
sweatshirt,683,684,685,687,722
brtea,611
oculus,839
hybrid laptops,457
long coats,771
cat baths,474
gourmette chain,604
create disambiguation,12
qat,474
daisy dukes clothing,831,658,728
bermoothes,739
tail,690
felis silverstris catus,474
scarves,703,769
kitchens,596
tops disambiguation,762,554,763,555,666,556,689,557
meet,772
tighty whities,694,718
washcloth,291,292,293,294
cup of tea,496,457,393
pissing it down,679
purse,496,457,446
single bedding sets,280
chair leg,622
comforters,277
hold,12
trail,664,666,667
swimwear,761,577
strapless,583
asymmetric dresses,505
beer party,763,746,738
ink sketch,484,487
sporting events,635,649,582
train,548
mandarin t-shirts,648
short letter,791
bikini tan,704
hyperline,475,663
phalangeal joints of h,291
shoe upper,630,631,632,633,634,635,626,637,627,628,629
tank commer,555
pantsu,748,815
wind sleeve,750,640
take,12
pass water,12
midiskirt,754,747
wine coloured,360
casual shirts,737
bobbysocks,615
trainees,629
soma,473,475,469,471,472
diwan sets,284
running event,628
introductory,564,579
cursory,762,678,745,715,737
light reflection,393
ecu muscle,291
financial support,581
neck chain,606,607
tank,555
jackets & coats,721
championship point,630
bottie,690
codd neck bottles,360
comforted,776
tracks,664,666,667
print,589
detonating device,720,767,724,669
churidar,811
tubes,554
theatre mask,839
comforter,276,277,776
garrotter,612,613
president,622
female child,757
sparkle,393
conjunctival disorders,474,839
tablet,622
tables,595,597
melt,628
cuff links,489,692
tape,835
bend,693
scarf joint,703,769
displacement,501
yfront,694,718
rim basketball,632
kitcen,596
chinese carpets rugs,296
belt,720,617
spinning top,762,554,763,576,555,666,556,689,557
reptile leather,676
hood,720,767,724,669
loading,651,785
party social,763,746,738
underground,554
stubbed toe,616
three fold,281
longest,771
anatomy,473,475,469,471,472
glob,484
t shirt printing,740,644,578,743,645,646,647,648,705
summer,744
trunks,695,831,658,728
visitor attractions in bermuda,739
travail,688
the tapes,835
bent,290,591,691,730,731,754,732,612,755,733,756,734,757,280,281,284,760,487,606,727,728,827,729,608,829
serbian guerilla fighter drink,611
socks link,750,640
anarkkali,563
b lead,795
bruine afrikaners,787
tombstone cocktail,611
neck pillow,551,552
trousers film,652,726
girlie,757
night time,682,799
teddy,501
konya carpet,296
embroidered shawl,768
sneakers movie,714,715
instance,480,483
hunt down,628
digiti quinti,616
giglet,757
ski boat,626
berm,508
towels,291,292,293,294
armchair chair,622
veshti,657
sleepwear,736,591
apricot pie cocktail,611
horse polo,741,644,559
hoops,632,601
ritual mask,839
canonical,564,579
cock tail,611
heart,839
crownwork,770,662,674,675,676,720,721,677,688,667,656,678,744,679,767,724,669
bathers,577
caterpillar tread,664,666,667
lap top,457
trolleys,459
skinny fit,711
header,482
coin pocket wallet,781
position,853,831,801,857,803
bathing suit,761,577
sea freight,651,785
light wavelength,393
isl of jersey,649
curtain,287,548
scrubs,817
sheath,480,483
queen sized bed,273
communication channel,791
phones,482
divan,284
housecat,474
personal line of credit,791
fundament,690
creag,633
mesa,595,597
older girl,757
step in,748,815
agitate,580
number 3 pencil,795
unit of ammunition,472
kephalikos,482
b disambiguation,600,492
stern,690
cupful,585
duffle trolleys,459
jersey boxer short,694,718
fink,714,715
synthetic tannin,676
panties bloomers,748
destroyed jeans,725
vislble light,393
felis domesticus catus,474
idiot mittens,701,724
territory of bermuda,739
free fall,605
shawl,768
analog disambiguation,476,479
link up,692
envelop,473
cover,273,483,275,286,552,762,642,554,763,576,555,666,556,689,557
outfit,464,772
nightclothes,736,591
world travel,463
runner,628
sweatshirts,683,684,685,687,722
indowestern coats sets,733
jort apparel,831,658,728
belt disambiguation,720,617
around disambiguation,473
blazers suit sets,734
set album,290,591,691,730,731,853,831,754,732,612,755,733,756,734,757,857,280,281,284,760,487,801,803,606,727,728,827,729,608,829
asymmetric,505
sports jacket,772,662,734
ommotidium,474,839
fret,688
watch cases,480
bring in,12
linkup,693,488
football shoes,631
rugs,297
swither,688
boy shorts,571
bachelor of science,600,492
khat,474
leggins,752
trousers,726
wind sock,750,640
clump,484
cart track,664,666,667
cle use,318
wristwatch,477,480
face,480,293,483
wine trade,360
ruff,612,613
history of tea in korea,393
bathingsuit,577
noddles,482
about watch,477,480
legging,752
gauzy,548
shrug,764
add on,463,5
phanek,575
trainable,629
t shirts,740,644,578,743,645,646,647,648,705
short shorts,831,658,728
jean,753,725,727
floor mat,298,597
traveling pc,457
five,683,646,560
library pencil,795
outdoor & hiking shoes,637
zep,674
gym socks,750,640
watch dial,477,480
lifestyles,627
bomber jet,674
boxing glove,701,724
audiotrack,664,666,667
multibay,457
campaign,628,580
caps belts,720
convulsion,709,776,711,712,708
leathering,676
lawsuit,682,661,760,734,480,483
long sleeved t shirt,740,644,578,743,645,646,647,648,705
floor surface,298
orna garment,855,857,805,807
bikini tanned,704
digitus i pedis,616
laptop bags,457
jumper,683,684,685,722
false sleeve,458
blaster shooter,611
jump suit,753
underside,690
daily round,472
foot race,628
bed clothing,280,281
puggaree,767,670
give in,693
a cat,474
short pants,695,831,658,728
pillow cover,551,552
tulipa genus,797
compound eyes,474,839
summertime,744
ca ca,12
book binding,286,552,642,273,483
rectangles,469
masked,839
rung,472
thermic,689,690,691
binding,286,552,642,273,483
tablet laptop,457
duffle,496,459
preparation,629
rump,690
mutton sleeve,458
dresses,574,543,501,799,502,503,745,746,504,505,508
dependent,608
gamey,685,705
leggings,752
crest,762,554,763,576,555,666,556,689,557
casual dress,762,678,745,715,737
shaggy yarn,296
dungaree,753,725,727
wide cut,730
agree,772
eminent,685,705
light generation,393
towel packs,294
wines,360
bikini bottom,704
lay down,12
old leather,676
gloves mufflers,724
production line,791
cushions,642
pluviophile,679
asian hair,492
laptop desks,457
top spun,762,554,763,576,555,666,556,689,557
tank engineer,555
fall,605
doormat,394
event,480,483
cyber eye,474,839
natural covering,286,552,642,273,483
multitude,742,765,294
masks in theatre,839
hiking,637
pen ink,484,487
digitus minimus pedis,616
pig leather,676
tricho,492
tail end,690
sleevless t-shirts,743
badmitten,634
common housecat,474
typesetter's case,480,483
sole shoe,630,631,632,633,634,635,626,637,627,628,629
stoolpigeon,714,715
shimmy,501
syntans,676
boyshorts,571
arrange,853,831,801,857,803
short skirt,754,747
sheer disambiguation,584,548
gurl,757
drawers,696,785,664,787,831,658,748,728,718
bottom,690,273
wrist bs,672
the boys,731,742
convertible laptop,457
blue jean insulation,725
halter,572
lay out,853,831,801,857,803
pillow covers,552
comfy,776
cats have 9 lives,474
tea light holders,393
nates,690
human motion,835
covered,286,552,642,273,483
caloric,689,690,691
pelting,679
vkini,704
booster chair,622
coat disambiguation,771,721,733
blazers & suit sets,734
training provider,629
tie up,693,488
garter american,851
indian tunic,561,653,853,655,732,801,857,803
felis cattus domesticus,474
jell,853,831,801,857,803
house shoes,630,631,632,633,634,635,626,637,627,628,629
bear on,580
whirligig,762,554,763,576,555,666,556,689,557
ocular,474,839
swimming attire,577
ruffle,612,613
bath disambiguation,290,292,295
curly hair,492
canonic,564,579
colored,787
wrist watch,477,480
notebook computers,457
track,664,666,667
value,742,765
middle of the night,682,799
argumentation,791
girls night,763,746,738
wee wee,12
h towel,291,292,293,294
purses,446
round,684,645,700,558,472
food plants,557
polo,741,644,559
roll down curtain,287,548
breefs,694,718
electron tube,554
inner cover,286,552,642,273,483
score,12
feeding bottle,360
thermal,689,723,690,691
bleached,787
nylon stockings,750
t-shirts,740
rap,720,617
trunks fictional character,695
number 4 pencil,795
kurtas kurta sets,732
hipster comedians,593
lighting,393
cultural,656
ring album,599,611,616
duvets,279
rimming sugar,611
endure,628
welt pocket,663
regular force,708
data track,664,666,667
v neck sweater,683,684,685,722
kurtis disambiguation,758
dual,281
dirty vimto,611
eye masks,839
aspect,293
round top,762,554,763,576,555,666,556,689,557
braclet,604
jaeger colada,611
stud poker,602
close,711
wedding belle,611
pelage,771,721,733
shrugs,764
fundamental values,742,765
human body,473,475,469,471,472
deportivos,635,649,582
oculars,474,839
forefront,482
cricketers,633
push film,580
scout,476,477,479,623,480
day dress,574,799
kitchen linen,596
hairiness,492
weedy,711
paroxysm,709,776,711,712,708
agricultural,557
masquerade,839
midnight crazies,474
basketball player,632
up! film,580
hind end,690
legnth,730
accede,693
note value,742,765
pose,853,831,801,857,803
sarees,779
double bedding sets,281
erupt,793
tantrum,709,776,711,712,708
tea stall,393
phone line,791
tie cufflink combos,692
push up bra,580
human hairlessness,492
shell,480,483
bivalent,281
bagful,496,457
anklet,615
unit kitchen,596
puddle,12
thyroxine,740,644,578,743,645,646,647,648,705
nightie,799,817
mosquito drawers,811,803,807
scoop,663
austral summer,744
trackwear,735
craw,557
jeans,725
svelte,712
leg covering,752
woven carpet,296
lacework,777
bow boat,626
laptops,457
down jacket,770,662,674,675,676,721,677,688,667,656,678,744,679
human hs,291
pull down curtain,287,548
reversed leather,676
bomber jackets,674
push song,580
crap,12
visible radiation,393
kinesiology tape,835
hybrid notebook,457
list of tulip varieties,797
doll making,5
pushed,580
equiangular quadrilateral,469
tights,668
backup,581
saree,779
variation,635,649,582
public square,475,663
rig,853,831,801,857,803
coterie,742,765,294
acme,762,554,763,576,555,666,556,689,557
casual,762,678,745,715,737
frock,574,543,501,799,502,503,745,746,504,505,508
anatomy of the h,291
light source,393
drop disambiguation,605
criket,633
shoulder joint,508
nonchalant,762,678,745,715,737
laptop computer,457
hairy,492
melody,791
hybrid notebooks,457
courtship,682,661,760,734
rain jackets,679
hairs,492
masks in ritual,839
bra disambiguation,572,583,584,585,586,587,588,578,579,580,581,582
sleeves,458
kricket,633
long skirt,754,747
partied,763,746,738
pearl harbor cocktail,611
fine wine,360
th toes,616
spintops,762,554,763,576,555,666,556,689,557
baloncesto,632
accommodate,772
track jackets,667
crinkle,791
nite,682,799
single disambiguation,280
abdominal girth,617
burmuda,739
mix drink,611
analogue,476,479
cat animal,474
bodysuits,716
watch case,477,480
boat,626
soiree,763,746,738
jeans pant,725
air pocket,663
chinos,650
portfolio briefcase,461
ballock,484
bikinis,704
wench,5,754,747
dres polish subculture,574,799
education in bermuda,739
cocktail drink,611
tunic,756
masks in ritual theatre,839
glove,701,724
bloomers,785,664,787,748
correspond,772
sarap,360
rear,690
line of descent,791
cooking wine,360
sports bra,582
patch pocket,663
great toe,616
exotic leather,676
sarong skirt,575
shortie,592
psychological significance of hair,492
evolution of hair,492
number two pencils,795
house coat,819,295
singlea,280
tea leaves,393
toiletry kits,464
casual dresses & frocks,745
compositor's case,480,483
game point,630
vachetta leather,676
chemise,501
summer season,744
frame disambiguation,473,475,469,471,472
henley disambiguation,647
teeshirt,740,644,578,743,645,646,647,648,705
thermals,689,723,690,691
annulus,754,747
jerzenez,649
cricketeer,633
fifth toes,616
tank tops,555
lack of comfort,776
light in space,393
pillow case,551,552
minute,709
african jungleball,632
ladder,628
singlet,700,719
coke party,763,746,738
green cow,611
micturate,12
analogs,476,479
hat b,767,670
momche,731,742
straight jeans,725
hackamore,572
pen sets,487
get to,12
comforting,776
drawing string,548
exercise set,290,591,691,730,731,754,732,612,755,733,756,734,757,280,281,284,760,487,606,727,728,827,729,608,829
battalion,742,765,294
chukkers,741,644,559
melodic phrase,791
launch area,622
square toes,475,663
third toe,616
frangelico luau,611
exclusive,280
spray bottles,360
sweet chocolate brown cocktail,611
sweater,683,684,685,722
braces clothing,851
unmixed,548
taping,835
oral sex,482
rri,649
chassis,473,475,469,471,472
circular skirt,754,747
rings,599,611,616
head word,482
collier necklace,612,613
drop curtain,605
progress to,12
iran disambiguation,600,492
h deformities,291
business line,791
run away,628
mocasin,624
t shirt bra,578
trolley,459
read/write head,482
elbow grease,688
layabout,625
suitings shirtings,833
running speed,628
pockets,663
arm,458
angel sleeves,458
cat language,474
up album,580
matting,298,597
holder,393,360
recollective,771
wrinkle,791
tshirt,740,644,578,743,645,646,647,648,705
shit,12
dog collar,612,613
watchbs,477,480
split leather,676
saddle rectangle,469
solace,776
professorship,622
colouring pencils,795
ass,690
hairsbreadth,492
art quilt,276
nude sleeping,736,591
kameez,855,805,807
suit sets,760
rug,297,296
kremlin colonel,611
cymotrichous,492
occasional,762,678,745,715,737
run,628
hooded sweatshirt,813
balconette,588
sporty disambiguation,714
bowed stringed instrument,548
foresightful,771
affiliation,693,488
wind cone,750,640
narrow minded,709
wrap around frames,473
sport jacket,772,662,734
electromagnetic theory of light,393
v neck,560
travelling,463
watches,476,477,479,623,480
pocket packet,663
tracksuits,665
kurti,562
mold,586
telephone,482
bold,548
bleed,628
thermal bottoms,690
kurta,561,653,853,655,732,801,857,803
culture of sport,635,649,582
basketball shoes,632
camp,742,765,294
linen clothes,595,596,290
buoyancy operated aquatic transport,626
computed axial tomography,474
asocial aggression,474
curly haired,492
properties of light,393
parties,763,746,738
boyism,731,742
name,12
mullfer,724,702
tulipa,797
tube tops,554
boyish,731,742
shellsuit,665
crop,557
partier,763,746,738
hot seat,622
distance,730
hightail it,628
novelty,603
whisker,492
underpanties,748,815
cap sleeve,458
coloured people,787
line of merchise,791
caps,720,767,724,669
crouch,693
bikini top,704
take to the woods,628
gloves,701,724
take a crap,12
tulips,797
instant tea,393
mantle,275,287,548
vacuum tube,554
racecourse,664,666,667
h pencil,795
pendants,598,608
bracelet,603,604
air hole,663
bond,692
partiedly,763,746,738
macho man,602
discomfort,776
shell suit,665
rolls royce cocktail,611
facial expression,293
drawstring,548
cheeseparing,711
bangles,603
hipsterism,593
subscriber line,791
double disambiguation,281
cast,586
inner light,393
shirts,737,738
sporting event,635,649,582
middle toe,616
incline,628
horophile,477,480
case,682,661,760,734,480,293,461,483
peasant blouses,740,644,578,743,645,646,647,648,705
undersurface,690
support disambiguation,581
pantyline,748,815
runners,628
rug textile,296
tenacious,771
garroter,612,613
control panties,748,815
codd bottle,360
phone,482
chogan,741,644,559
launching pad,622
waist,617
buttocks,690
flesh,473,475,469,471,472
armoured combat vehicle,555
clear pocket,663
bottles,360
visible panty lines,748,815
shoe factory,630,631,632,633,634,635,626,637,627,628,629
enthalpy,291
shorties,592
labour,580
musket ball,484
cushion,642
kineseology,835
boyishness,731,742
hb pencil,795
linen paper,595,596,290
badders,634
consolation,776
conterpane bedding,276
cricket sport,633
accessary,463,5
indoor light,635
orchis,484
cats,474
polo stick,741,644,559
bottled,360
churidaar,811,803,807
number 1 pencil,795
bout,472
vino,360
u p,580
underframe,473,475,469,471,472
vests,700,719
net curtains,287,548
fob pocket,663
transmission line,791
nighttime,682,799
full length sets,730
maxi disambiguation,504
air sock,750,640
wrapped,473
bedspread,280,281
carved cles,318
paper hat,767,670
pinhole eye,474,839
boney,711
s comet,611
top side,762,554,763,576,555,666,556,689,557
floor mats,298
daily,762,678,745,715,737
fourth estate cocktail,611
nerve,293
job,791
daughter,757
partay,763,746,738
goods services,651,785
launchpad,622
trolly,459
bows,693
hairgrowth,492
boys combo sets,731
marin disambiguation,648
support bra,581
raceway,664,666,667
sac,663
bedridden,273
light wave,393
sheer,548
wrist b,672
tribal mask,839
move,628
fit out,772
covering fire,286,552,642,273,483
break point,630
demi cup bra,585
fitted kitchen,596
logo mats,298,597
track down,628
ankle length dress,574,799
kinesiology disambiguation,835
cabin bed,273
godmother cocktail,611
wedge,674
bag,496,457,446,546
boys,731,742
commercial kitchen,596
testicle,484
leather shorts,831,658,728
eiderdown,279
kada disambiguation,614
fluid,483
hiking l,637
swimming trunks,577
capitulum,482
cricket shoes,633
a line gown,791
documentation,581
downright,548
erasable pen,484,487
kurta churidar set,803
long pillow,286,285
hippy,593
globe,484
polo t shirts,644
plant,853,831,801,857,803
drive,580
haltere,572
shoulder fracture,508
placoda pili,492
readiness,290,591,691,730,731,754,732,612,755,733,756,734,757,280,281,284,760,487,606,727,728,827,729,608,829
facet anatomy,474,839
little toes,616
tankful,555
eyes,474,839
anarkali,563
heat content,291
skater dresses,502
spin top,762,554,763,576,555,666,556,689,557
maxi dress,574,799
kada,614
effortless,762,678,745,715,737
set,290,591,691,730,731,853,831,754,732,612,755,733,756,734,757,857,280,281,284,760,487,801,803,606,727,728,827,729,608,829
litter,280,281
round neck,558
oval,471
boat propulsion,626
notecase,781
duffle bag,496,459
convertible computer,457
bozo,474
sporty sneakers,714
brace clothing,851
bailiwick of jersey,649
moccassin,624
quilts,276
track music,664,666,667
take a shit,12
rivet,602
courting,682,661,760,734
leg guards,622
seat cushion,642
bed,690,273
dom pedro beverage,611
combo snacks,692
pairs of pants,652,726
panties,815
triiodothyronine,740,644,578,743,645,646,647,648,705
tea mashing,393
broomstick skirt,754,747
domiciliation,622
tomb of anarkali,563
night clothes,736,591
pj's,643,655,716,827
clemaking,318
insoles,630,631,632,633,634,635,626,637,627,628,629
tenis,630
asymmetric disambiguation,505
chain wallet,781
farseeing,771
casual jackets,678
v neck shirt,740,644,578,743,645,646,647,648,737,705,738
shoe dance,630,631,632,633,634,635,626,637,627,628,629
gatti rossi in un labirinto di vetro,474,839
rain measurement,679
adjust,853,831,801,857,803
shoot hoops,632
peplos,543
domestic cats,474
combo disambiguation,731,757,692
eyeball,474,839
party,763,746,738
kurta salwar set,853
trained,629
fly the coop,628
bikini tops,704
sic,853,831,801,857,803
pendant,598,608
missy,757
cricket team,633
eye balls,474,839
jersey,649
camellia sinensis,393
swimming suit,577
heated mittens,701,724
lump,484
living,581
cocktail rings,611
t-shirt bra,578
aestival,744
maxi skirt,754,747
football,631
ginch,694,718
leg of mutton sleeve,458
jager colada,611
polo pitch,741,644,559
driblet,605
material body,473,475,469,471,472
tennis shoes,630
caps & hats,767
flare up,793
hobo gloves,701,724
jackets & blazers,662
crowd,580
hoodies,813
history of badminton,634
cuppa,393
gossamer,548
churidar kameez dupatta,807
chronograph,477
tunic top,740,644,578,743,645,646,647,648,705
cargo transport,651,785
badmiton,634
set up,853,831,801,857,803
model,586
crown,770,674,554,576,675,676,555,677,556,557,656,678,679,662,762,763,720,721,688,666,689,667,744,767,724,669
celebration party,763,746,738
convertible notebook,457
operate,628
tiptop,762,554,763,576,555,666,556,689,557
birthday party event,763,746,738
breeding,629
list of cities in bermuda,739
undulatory theory of light,393
cycle,472
quilted jackets,675
cat eyes,474
basic album,564,579
gauze like,548
high album,685,705
optic,839
table,595,597
italy,755,766,825,829
two piece,704
side,293
cricket as a social event,633
trapeze dress,791
arabian tea,474
break,501
bush walking,637
ancient rugs,296
intensity frequency duration,679
comfort,276,277,776
cargo transportation,651,785
casual wear,762,678,745,715,737
sunga swimsuit,577
wuss,394
sleeve clothing,458
off disambiguation,508
human face,293
high,685,705
skirts,754,747
son,731,742
watchstrap,604
courdoroy,652,677
economic value,742,765
bath mat,298,597
the bags rock b,496,457
party dresses & frocks,746
covers ep,286,552,642,273,483
level,298
cephalique,482
skater disambiguation,502
s hoops,632
bedspreads,277
jungle breeze,611
establish,12
tea towel,291,292,293,294
chair furniture,622
v neck t-shirts,646
bod,473,475,469,471,472
batwing sleeves,458
pencil hardness,795
behind,690
value packs,765
bow,693
h bones,291
notebook computer,457
regularity,708
corduroy,652,677
boy,731,742
switch,501
digitally,479,623
total,730
drycloth,291,292,293,294
hooded tops,813
convection column,689,723,690,691
highly,685,705
sentry,476,477,479,623,480
kat,474
armlets,618
peplum,543
coloured,787
peplus,543
lead line tack,572
air sleeve,750,640
opisthenar,291
demi,585
chair seat,622
angia,649
s kiss,611
hyetal,679
hot pants,831,658,728
matte,298,597
mould,586
lineage,791
stool,12
replica football shirt,740,644,578,743,645,646,647,648,705
stoop,693
insole,630,631,632,633,634,635,626,637,627,628,629
squetbol,632
scene,709,776,711,712,708
bra,572,583,584,585,586,587,588,578,579,580,581,582
scarves & stoles,769
bathtub,290,292,295
maxi supermarket,504
real lace,777
s eye lens,474,839
leather leggings,752
modern codes of football,631
hike,637
str,548
match point tennis,630
boxers,696,831,658,728,718
domesticated cat,474
sub,674
lacing,777
cocktail bar,611
curtains,287,548
cargos,651,785
tennis coaching,630
gym shoe,714,715
bathing costume,761,577
light waves,393
blood line,791
egg shaped,471
ottoman bed,273
headway,482
makes,12
lighter,393
cover page,286,552,642,273,483
alley cat,474
capris,766
cricket club,633
shorts set,831
cricket,633
flared,793
t shirt quotes,740,644,578,743,645,646,647,648,705
tube mathematics,554
bum,625,690
the short,831,658,728
story,298
swedish lunchbox,546
winter skirt,754,747
wooing,682,661,760,734
testis,484
stamp pad,622
fille,757
masque,839
cover album,286,552,642,273,483
consort,628
mobile disambiguation,483
heel h,291
drop off,605
henley t shirts,647
tucker death mix,611
frame computer science,473,475,469,471,472
rainstorm,679
stole,769
travelling bag,496,457,546
veer haqiqat rai model senior secondery school,801
tube,554
gallus,851
carpet,297,296
match tiebreak,630
filmy,548
bermudas & 3/4ths,739
pencilling,795
bttle,360
goyang i,474
pad disambiguation,622
s isles,739
fooling,762,678,745,715,737
deerskin,676
nighty,736,591
tailspin cocktail,611
basic disambiguation,564,579
backing,581
kit,464
track tops,666
defecate,12
facial feature,293
tracks film,664,666,667
crosstie,693,488
computed tomography,474
figure,473,475,469,471,472
technology in sports,635,649,582
idler,625
h soccer,632
tulip,797
upper shoe,630,631,632,633,634,635,626,637,627,628,629
skirted,754,747
disposable panties,748,815
bermuda isls,739
bluff,548
teething ring,277
assembly line,791
advertise,580
penitentiary,484,487
sack,663,501
reach,12
round neck sweaters,684
indian tea,393
oni garment,855,857,805,807
face pack,742,765,294
scarper,628
bedknobs,273
wrap dress,574,799
guide,628
thermal column,689,723,690,691
young lady,757
ethnic,656
collar,612,613
sneakers,714,715
go down,853,831,801,857,803
demarcation,791
panties undergarments,748,815
pantyhoes,847
anaarkkali,563
musical accompaniment,581
lawn tennis,630
turn tail,628
sheer & string curtains,548
entry wristb,672
total heat,291
eye vertebrate,474,839
necklaces,606,607
hoagy,674
vapourous,548
track pants,664
pb lead pencil,795
waistcoats,660
freight,651,785
range,628
duty period,501
leather glove,701,724
sportsman,635,649,582
decorative throw,275
impress,589
make disambiguation,12
house cat,474
lean,628
madarin,648
place,630,631,632,633,853,831,634,635,801,857,626,637,627,803,628,629
the double novel,281
regular,708
valise,546
blouse,553
crop farming,557
geisha cocktail,611
urinate,12
lead,664,666,667,628
lady friend,757
shirting,833,737,738
robe,819,295,817
bath robes,295
pitewey,393
amateur cricket,633
jogger,628
drape,287,548
inkpad,622
argument,791
undivided,280
boat shoes,626
cocktails,611
tracks album,664,666,667
doormat disambiguation,394
one shot,472
plain,548
summerliness,744
summering,744
individual,280
glitten,701,724
briefcase,461
chancea,762,678,745,715,737
broada,730
strawberry dream,611
whipping top,762,554,763,576,555,666,556,689,557
neck ruff,612,613
afternoon dress,574,799
winter dress,574,799
bermuda,739
ranka,548
covering,286,552,642,273,483
mobile covers cases,483
leg guard,622
nomadic,483
tune,791
laptop computers,457
can,690
hair,492
cap,770,662,674,675,676,720,721,677,688,667,656,678,744,679,767,724,669
ready,12,853,831,801,857,803
wipecloth,291,292,293,294
cat,474
advertize,580
pacifier,277
rainfall,679
puff sleeve,458
isle of devils,739
professional tennis player,630
amature cricket,633
match,772
pillowcase,551,552,480,483
fault,501
bikinitanning,704
clothes,574,543,501,799,502,503,745,746,504,505,508
transnational issues,739
two piece swimsuit,704
kurta tehmat,561,653,853,655,732,801,857,803
